<?xml version="1.0" encoding="UTF-8"?>
<gpx version="1.1" creator="Flock Finder simulator" xmlns="http://www.topografix.com/GPX/1/1">
<trk><trkseg>
<trkpt lat="33.7812970" lon="-84.3831592"><time>2026-09-21T14:13:21.000Z</time></trkpt>
<trkpt lat="33.7814058" lon="-84.3833298"><time>2026-09-21T14:13:22.000Z</time></trkpt>
<trkpt lat="33.7815002" lon="-84.3834891"><time>2026-09-21T14:13:23.000Z</time></trkpt>
<trkpt lat="33.7816560" lon="-84.3835753"><time>2026-09-21T14:13:24.000Z</time></trkpt>
<trkpt lat="33.7817586" lon="-84.3837545"><time>2026-09-21T14:13:25.000Z</time></trkpt>
<trkpt lat="33.7816933" lon="-84.3839084"><time>2026-09-21T14:13:26.000Z</time></trkpt>
<trkpt lat="33.7818091" lon="-84.3841648"><time>2026-09-21T14:13:27.000Z</time></trkpt>
<trkpt lat="33.7817258" lon="-84.3844569"><time>2026-09-21T14:13:28.000Z</time></trkpt>
<trkpt lat="33.7816961" lon="-84.3844681"><time>2026-09-21T14:13:29.000Z</time></trkpt>
<trkpt lat="33.7816533" lon="-84.3848182"><time>2026-09-21T14:13:30.000Z</time></trkpt>
<trkpt lat="33.7816200" lon="-84.3849594"><time>2026-09-21T14:13:31.000Z</time></trkpt>
<trkpt lat="33.7814968" lon="-84.3852134"><time>2026-09-21T14:13:32.000Z</time></trkpt>
<trkpt lat="33.7814672" lon="-84.3853714"><time>2026-09-21T14:13:33.000Z</time></trkpt>
<trkpt lat="33.7814744" lon="-84.3855312"><time>2026-09-21T14:13:34.000Z</time></trkpt>
<trkpt lat="33.7814352" lon="-84.3857981"><time>2026-09-21T14:13:35.000Z</time></trkpt>
<trkpt lat="33.7815249" lon="-84.3860331"><time>2026-09-21T14:13:36.000Z</time></trkpt>
<trkpt lat="33.7814503" lon="-84.3862239"><time>2026-09-21T14:13:37.000Z</time></trkpt>
<trkpt lat="33.7814570" lon="-84.3864552"><time>2026-09-21T14:13:38.000Z</time></trkpt>
<trkpt lat="33.7814551" lon="-84.3866037"><time>2026-09-21T14:13:39.000Z</time></trkpt>
<trkpt lat="33.7814806" lon="-84.3869548"><time>2026-09-21T14:13:40.000Z</time></trkpt>
<trkpt lat="33.7815221" lon="-84.3870613"><time>2026-09-21T14:13:41.000Z</time></trkpt>
<trkpt lat="33.7815477" lon="-84.3873566"><time>2026-09-21T14:13:42.000Z</time></trkpt>
<trkpt lat="33.7816104" lon="-84.3875943"><time>2026-09-21T14:13:43.000Z</time></trkpt>
<trkpt lat="33.7816091" lon="-84.3877159"><time>2026-09-21T14:13:44.000Z</time></trkpt>
<trkpt lat="33.7814964" lon="-84.3879901"><time>2026-09-21T14:13:45.000Z</time></trkpt>
<trkpt lat="33.7814988" lon="-84.3881806"><time>2026-09-21T14:13:46.000Z</time></trkpt>
<trkpt lat="33.7814783" lon="-84.3883255"><time>2026-09-21T14:13:47.000Z</time></trkpt>
<trkpt lat="33.7815573" lon="-84.3885564"><time>2026-09-21T14:13:48.000Z</time></trkpt>
<trkpt lat="33.7814648" lon="-84.3888762"><time>2026-09-21T14:13:49.000Z</time></trkpt>
<trkpt lat="33.7815277" lon="-84.3890964"><time>2026-09-21T14:13:50.000Z</time></trkpt>
<trkpt lat="33.7814990" lon="-84.3892159"><time>2026-09-21T14:13:51.000Z</time></trkpt>
<trkpt lat="33.7815162" lon="-84.3894920"><time>2026-09-21T14:13:52.000Z</time></trkpt>
<trkpt lat="33.7814811" lon="-84.3897625"><time>2026-09-21T14:13:53.000Z</time></trkpt>
<trkpt lat="33.7815606" lon="-84.3898949"><time>2026-09-21T14:13:54.000Z</time></trkpt>
<trkpt lat="33.7815452" lon="-84.3901320"><time>2026-09-21T14:13:55.000Z</time></trkpt>
<trkpt lat="33.7814751" lon="-84.3903341"><time>2026-09-21T14:13:56.000Z</time></trkpt>
<trkpt lat="33.7815290" lon="-84.3905049"><time>2026-09-21T14:13:57.000Z</time></trkpt>
<trkpt lat="33.7815115" lon="-84.3908021"><time>2026-09-21T14:13:58.000Z</time></trkpt>
<trkpt lat="33.7815316" lon="-84.3909555"><time>2026-09-21T14:13:59.000Z</time></trkpt>
<trkpt lat="33.7815243" lon="-84.3912249"><time>2026-09-21T14:14:00.000Z</time></trkpt>
<trkpt lat="33.7815204" lon="-84.3913704"><time>2026-09-21T14:14:01.000Z</time></trkpt>
<trkpt lat="33.7815163" lon="-84.3916036"><time>2026-09-21T14:14:02.000Z</time></trkpt>
<trkpt lat="33.7813018" lon="-84.3916064"><time>2026-09-21T14:14:03.000Z</time></trkpt>
<trkpt lat="33.7810908" lon="-84.3916299"><time>2026-09-21T14:14:04.000Z</time></trkpt>
<trkpt lat="33.7810408" lon="-84.3915828"><time>2026-09-21T14:14:05.000Z</time></trkpt>
<trkpt lat="33.7808776" lon="-84.3916868"><time>2026-09-21T14:14:06.000Z</time></trkpt>
<trkpt lat="33.7806318" lon="-84.3915158"><time>2026-09-21T14:14:07.000Z</time></trkpt>
<trkpt lat="33.7804343" lon="-84.3914279"><time>2026-09-21T14:14:08.000Z</time></trkpt>
<trkpt lat="33.7803041" lon="-84.3913850"><time>2026-09-21T14:14:09.000Z</time></trkpt>
<trkpt lat="33.7801101" lon="-84.3914699"><time>2026-09-21T14:14:10.000Z</time></trkpt>
<trkpt lat="33.7798797" lon="-84.3914265"><time>2026-09-21T14:14:11.000Z</time></trkpt>
<trkpt lat="33.7798198" lon="-84.3914042"><time>2026-09-21T14:14:12.000Z</time></trkpt>
<trkpt lat="33.7795463" lon="-84.3912251"><time>2026-09-21T14:14:13.000Z</time></trkpt>
<trkpt lat="33.7793579" lon="-84.3911374"><time>2026-09-21T14:14:14.000Z</time></trkpt>
<trkpt lat="33.7792181" lon="-84.3911784"><time>2026-09-21T14:14:15.000Z</time></trkpt>
<trkpt lat="33.7790172" lon="-84.3911832"><time>2026-09-21T14:14:16.000Z</time></trkpt>
<trkpt lat="33.7789018" lon="-84.3912292"><time>2026-09-21T14:14:17.000Z</time></trkpt>
<trkpt lat="33.7787315" lon="-84.3912244"><time>2026-09-21T14:14:18.000Z</time></trkpt>
<trkpt lat="33.7784793" lon="-84.3911902"><time>2026-09-21T14:14:19.000Z</time></trkpt>
<trkpt lat="33.7783426" lon="-84.3912346"><time>2026-09-21T14:14:20.000Z</time></trkpt>
<trkpt lat="33.7781808" lon="-84.3911651"><time>2026-09-21T14:14:21.000Z</time></trkpt>
<trkpt lat="33.7779931" lon="-84.3911995"><time>2026-09-21T14:14:22.000Z</time></trkpt>
<trkpt lat="33.7778319" lon="-84.3911530"><time>2026-09-21T14:14:23.000Z</time></trkpt>
<trkpt lat="33.7775709" lon="-84.3911035"><time>2026-09-21T14:14:24.000Z</time></trkpt>
<trkpt lat="33.7774799" lon="-84.3910791"><time>2026-09-21T14:14:25.000Z</time></trkpt>
<trkpt lat="33.7772832" lon="-84.3910387"><time>2026-09-21T14:14:26.000Z</time></trkpt>
<trkpt lat="33.7770272" lon="-84.3910781"><time>2026-09-21T14:14:27.000Z</time></trkpt>
<trkpt lat="33.7768847" lon="-84.3910066"><time>2026-09-21T14:14:28.000Z</time></trkpt>
<trkpt lat="33.7767206" lon="-84.3909982"><time>2026-09-21T14:14:29.000Z</time></trkpt>
<trkpt lat="33.7765100" lon="-84.3909744"><time>2026-09-21T14:14:30.000Z</time></trkpt>
<trkpt lat="33.7763815" lon="-84.3909789"><time>2026-09-21T14:14:31.000Z</time></trkpt>
<trkpt lat="33.7761763" lon="-84.3909147"><time>2026-09-21T14:14:32.000Z</time></trkpt>
<trkpt lat="33.7759909" lon="-84.3908200"><time>2026-09-21T14:14:33.000Z</time></trkpt>
<trkpt lat="33.7758949" lon="-84.3907892"><time>2026-09-21T14:14:34.000Z</time></trkpt>
<trkpt lat="33.7756427" lon="-84.3906896"><time>2026-09-21T14:14:35.000Z</time></trkpt>
<trkpt lat="33.7754976" lon="-84.3907522"><time>2026-09-21T14:14:36.000Z</time></trkpt>
<trkpt lat="33.7753044" lon="-84.3906537"><time>2026-09-21T14:14:37.000Z</time></trkpt>
<trkpt lat="33.7751762" lon="-84.3906412"><time>2026-09-21T14:14:38.000Z</time></trkpt>
<trkpt lat="33.7749225" lon="-84.3906608"><time>2026-09-21T14:14:39.000Z</time></trkpt>
<trkpt lat="33.7748323" lon="-84.3905248"><time>2026-09-21T14:14:40.000Z</time></trkpt>
<trkpt lat="33.7745747" lon="-84.3905431"><time>2026-09-21T14:14:41.000Z</time></trkpt>
<trkpt lat="33.7743957" lon="-84.3904693"><time>2026-09-21T14:14:42.000Z</time></trkpt>
<trkpt lat="33.7742860" lon="-84.3904746"><time>2026-09-21T14:14:43.000Z</time></trkpt>
<trkpt lat="33.7740544" lon="-84.3903790"><time>2026-09-21T14:14:44.000Z</time></trkpt>
<trkpt lat="33.7738578" lon="-84.3904322"><time>2026-09-21T14:14:45.000Z</time></trkpt>
<trkpt lat="33.7736573" lon="-84.3904058"><time>2026-09-21T14:14:46.000Z</time></trkpt>
<trkpt lat="33.7735011" lon="-84.3903880"><time>2026-09-21T14:14:47.000Z</time></trkpt>
<trkpt lat="33.7733915" lon="-84.3902832"><time>2026-09-21T14:14:48.000Z</time></trkpt>
<trkpt lat="33.7731343" lon="-84.3904159"><time>2026-09-21T14:14:49.000Z</time></trkpt>
<trkpt lat="33.7729721" lon="-84.3903517"><time>2026-09-21T14:14:50.000Z</time></trkpt>
<trkpt lat="33.7727997" lon="-84.3904711"><time>2026-09-21T14:14:51.000Z</time></trkpt>
<trkpt lat="33.7726807" lon="-84.3903783"><time>2026-09-21T14:14:52.000Z</time></trkpt>
<trkpt lat="33.7724818" lon="-84.3903333"><time>2026-09-21T14:14:53.000Z</time></trkpt>
<trkpt lat="33.7722357" lon="-84.3903769"><time>2026-09-21T14:14:54.000Z</time></trkpt>
<trkpt lat="33.7720666" lon="-84.3904476"><time>2026-09-21T14:14:55.000Z</time></trkpt>
<trkpt lat="33.7719682" lon="-84.3904116"><time>2026-09-21T14:14:56.000Z</time></trkpt>
<trkpt lat="33.7717593" lon="-84.3905195"><time>2026-09-21T14:14:57.000Z</time></trkpt>
<trkpt lat="33.7715551" lon="-84.3904163"><time>2026-09-21T14:14:58.000Z</time></trkpt>
<trkpt lat="33.7713937" lon="-84.3904414"><time>2026-09-21T14:14:59.000Z</time></trkpt>
<trkpt lat="33.7711996" lon="-84.3904135"><time>2026-09-21T14:15:00.000Z</time></trkpt>
<trkpt lat="33.7710266" lon="-84.3905668"><time>2026-09-21T14:15:01.000Z</time></trkpt>
<trkpt lat="33.7708122" lon="-84.3904781"><time>2026-09-21T14:15:02.000Z</time></trkpt>
<trkpt lat="33.7706485" lon="-84.3904609"><time>2026-09-21T14:15:03.000Z</time></trkpt>
<trkpt lat="33.7704770" lon="-84.3905486"><time>2026-09-21T14:15:04.000Z</time></trkpt>
<trkpt lat="33.7703000" lon="-84.3905118"><time>2026-09-21T14:15:05.000Z</time></trkpt>
<trkpt lat="33.7702089" lon="-84.3905957"><time>2026-09-21T14:15:06.000Z</time></trkpt>
<trkpt lat="33.7699341" lon="-84.3906223"><time>2026-09-21T14:15:07.000Z</time></trkpt>
<trkpt lat="33.7697562" lon="-84.3906010"><time>2026-09-21T14:15:08.000Z</time></trkpt>
<trkpt lat="33.7695662" lon="-84.3905892"><time>2026-09-21T14:15:09.000Z</time></trkpt>
<trkpt lat="33.7694177" lon="-84.3906301"><time>2026-09-21T14:15:10.000Z</time></trkpt>
<trkpt lat="33.7691382" lon="-84.3905453"><time>2026-09-21T14:15:11.000Z</time></trkpt>
<trkpt lat="33.7690205" lon="-84.3905737"><time>2026-09-21T14:15:12.000Z</time></trkpt>
<trkpt lat="33.7688792" lon="-84.3905026"><time>2026-09-21T14:15:13.000Z</time></trkpt>
<trkpt lat="33.7687069" lon="-84.3904514"><time>2026-09-21T14:15:14.000Z</time></trkpt>
<trkpt lat="33.7685522" lon="-84.3903742"><time>2026-09-21T14:15:15.000Z</time></trkpt>
<trkpt lat="33.7683255" lon="-84.3901748"><time>2026-09-21T14:15:16.000Z</time></trkpt>
<trkpt lat="33.7681804" lon="-84.3901592"><time>2026-09-21T14:15:17.000Z</time></trkpt>
<trkpt lat="33.7680644" lon="-84.3899745"><time>2026-09-21T14:15:18.000Z</time></trkpt>
<trkpt lat="33.7679125" lon="-84.3898331"><time>2026-09-21T14:15:19.000Z</time></trkpt>
<trkpt lat="33.7677500" lon="-84.3896666"><time>2026-09-21T14:15:20.000Z</time></trkpt>
<trkpt lat="33.7677174" lon="-84.3896286"><time>2026-09-21T14:15:21.000Z</time></trkpt>
<trkpt lat="33.7675027" lon="-84.3894880"><time>2026-09-21T14:15:22.000Z</time></trkpt>
<trkpt lat="33.7674548" lon="-84.3892732"><time>2026-09-21T14:15:23.000Z</time></trkpt>
<trkpt lat="33.7673044" lon="-84.3890493"><time>2026-09-21T14:15:24.000Z</time></trkpt>
<trkpt lat="33.7671965" lon="-84.3888952"><time>2026-09-21T14:15:25.000Z</time></trkpt>
<trkpt lat="33.7670826" lon="-84.3887766"><time>2026-09-21T14:15:26.000Z</time></trkpt>
<trkpt lat="33.7669232" lon="-84.3886386"><time>2026-09-21T14:15:27.000Z</time></trkpt>
<trkpt lat="33.7668745" lon="-84.3883702"><time>2026-09-21T14:15:28.000Z</time></trkpt>
<trkpt lat="33.7668025" lon="-84.3882246"><time>2026-09-21T14:15:29.000Z</time></trkpt>
<trkpt lat="33.7667421" lon="-84.3880276"><time>2026-09-21T14:15:30.000Z</time></trkpt>
<trkpt lat="33.7666106" lon="-84.3879277"><time>2026-09-21T14:15:31.000Z</time></trkpt>
<trkpt lat="33.7664975" lon="-84.3876811"><time>2026-09-21T14:15:32.000Z</time></trkpt>
<trkpt lat="33.7663865" lon="-84.3875609"><time>2026-09-21T14:15:33.000Z</time></trkpt>
<trkpt lat="33.7663001" lon="-84.3873001"><time>2026-09-21T14:15:34.000Z</time></trkpt>
<trkpt lat="33.7661585" lon="-84.3871114"><time>2026-09-21T14:15:35.000Z</time></trkpt>
<trkpt lat="33.7660756" lon="-84.3868797"><time>2026-09-21T14:15:36.000Z</time></trkpt>
<trkpt lat="33.7659662" lon="-84.3867519"><time>2026-09-21T14:15:37.000Z</time></trkpt>
<trkpt lat="33.7658743" lon="-84.3865631"><time>2026-09-21T14:15:38.000Z</time></trkpt>
<trkpt lat="33.7657780" lon="-84.3865260"><time>2026-09-21T14:15:39.000Z</time></trkpt>
<trkpt lat="33.7656269" lon="-84.3861750"><time>2026-09-21T14:15:40.000Z</time></trkpt>
<trkpt lat="33.7655753" lon="-84.3860647"><time>2026-09-21T14:15:41.000Z</time></trkpt>
<trkpt lat="33.7655102" lon="-84.3858518"><time>2026-09-21T14:15:42.000Z</time></trkpt>
<trkpt lat="33.7653372" lon="-84.3856776"><time>2026-09-21T14:15:43.000Z</time></trkpt>
<trkpt lat="33.7652206" lon="-84.3856043"><time>2026-09-21T14:15:44.000Z</time></trkpt>
<trkpt lat="33.7651567" lon="-84.3854286"><time>2026-09-21T14:15:45.000Z</time></trkpt>
<trkpt lat="33.7651165" lon="-84.3852058"><time>2026-09-21T14:15:46.000Z</time></trkpt>
<trkpt lat="33.7648761" lon="-84.3850569"><time>2026-09-21T14:15:47.000Z</time></trkpt>
<trkpt lat="33.7648373" lon="-84.3849415"><time>2026-09-21T14:15:48.000Z</time></trkpt>
<trkpt lat="33.7647047" lon="-84.3847539"><time>2026-09-21T14:15:49.000Z</time></trkpt>
<trkpt lat="33.7644591" lon="-84.3845336"><time>2026-09-21T14:15:50.000Z</time></trkpt>
<trkpt lat="33.7643584" lon="-84.3847607"><time>2026-09-21T14:15:51.000Z</time></trkpt>
<trkpt lat="33.7643197" lon="-84.3848709"><time>2026-09-21T14:15:52.000Z</time></trkpt>
<trkpt lat="33.7641431" lon="-84.3849849"><time>2026-09-21T14:15:53.000Z</time></trkpt>
<trkpt lat="33.7640724" lon="-84.3852296"><time>2026-09-21T14:15:54.000Z</time></trkpt>
<trkpt lat="33.7639772" lon="-84.3853959"><time>2026-09-21T14:15:55.000Z</time></trkpt>
<trkpt lat="33.7637866" lon="-84.3855194"><time>2026-09-21T14:15:56.000Z</time></trkpt>
<trkpt lat="33.7636907" lon="-84.3857709"><time>2026-09-21T14:15:57.000Z</time></trkpt>
<trkpt lat="33.7635965" lon="-84.3859291"><time>2026-09-21T14:15:58.000Z</time></trkpt>
<trkpt lat="33.7634241" lon="-84.3860196"><time>2026-09-21T14:15:59.000Z</time></trkpt>
<trkpt lat="33.7633812" lon="-84.3862674"><time>2026-09-21T14:16:00.000Z</time></trkpt>
<trkpt lat="33.7632176" lon="-84.3864377"><time>2026-09-21T14:16:01.000Z</time></trkpt>
<trkpt lat="33.7631378" lon="-84.3865489"><time>2026-09-21T14:16:02.000Z</time></trkpt>
<trkpt lat="33.7630064" lon="-84.3866433"><time>2026-09-21T14:16:03.000Z</time></trkpt>
<trkpt lat="33.7628780" lon="-84.3868892"><time>2026-09-21T14:16:04.000Z</time></trkpt>
<trkpt lat="33.7627613" lon="-84.3871337"><time>2026-09-21T14:16:05.000Z</time></trkpt>
<trkpt lat="33.7626022" lon="-84.3871969"><time>2026-09-21T14:16:06.000Z</time></trkpt>
<trkpt lat="33.7624895" lon="-84.3873996"><time>2026-09-21T14:16:07.000Z</time></trkpt>
<trkpt lat="33.7623834" lon="-84.3876426"><time>2026-09-21T14:16:08.000Z</time></trkpt>
<trkpt lat="33.7622992" lon="-84.3876608"><time>2026-09-21T14:16:09.000Z</time></trkpt>
<trkpt lat="33.7621468" lon="-84.3878633"><time>2026-09-21T14:16:10.000Z</time></trkpt>
<trkpt lat="33.7623070" lon="-84.3877243"><time>2026-09-21T14:16:11.000Z</time></trkpt>
<trkpt lat="33.7623484" lon="-84.3875817"><time>2026-09-21T14:16:12.000Z</time></trkpt>
<trkpt lat="33.7624858" lon="-84.3874031"><time>2026-09-21T14:16:13.000Z</time></trkpt>
<trkpt lat="33.7625525" lon="-84.3872354"><time>2026-09-21T14:16:14.000Z</time></trkpt>
<trkpt lat="33.7627590" lon="-84.3870492"><time>2026-09-21T14:16:15.000Z</time></trkpt>
<trkpt lat="33.7628671" lon="-84.3868786"><time>2026-09-21T14:16:16.000Z</time></trkpt>
<trkpt lat="33.7629671" lon="-84.3867278"><time>2026-09-21T14:16:17.000Z</time></trkpt>
<trkpt lat="33.7630940" lon="-84.3866008"><time>2026-09-21T14:16:18.000Z</time></trkpt>
<trkpt lat="33.7631865" lon="-84.3864392"><time>2026-09-21T14:16:19.000Z</time></trkpt>
<trkpt lat="33.7633912" lon="-84.3862651"><time>2026-09-21T14:16:20.000Z</time></trkpt>
<trkpt lat="33.7634718" lon="-84.3860078"><time>2026-09-21T14:16:21.000Z</time></trkpt>
<trkpt lat="33.7635454" lon="-84.3858545"><time>2026-09-21T14:16:22.000Z</time></trkpt>
<trkpt lat="33.7637269" lon="-84.3857567"><time>2026-09-21T14:16:23.000Z</time></trkpt>
<trkpt lat="33.7638119" lon="-84.3856004"><time>2026-09-21T14:16:24.000Z</time></trkpt>
<trkpt lat="33.7639235" lon="-84.3854296"><time>2026-09-21T14:16:25.000Z</time></trkpt>
<trkpt lat="33.7640770" lon="-84.3852801"><time>2026-09-21T14:16:26.000Z</time></trkpt>
<trkpt lat="33.7641513" lon="-84.3849656"><time>2026-09-21T14:16:27.000Z</time></trkpt>
<trkpt lat="33.7642469" lon="-84.3848465"><time>2026-09-21T14:16:28.000Z</time></trkpt>
<trkpt lat="33.7643775" lon="-84.3848265"><time>2026-09-21T14:16:29.000Z</time></trkpt>
<trkpt lat="33.7645026" lon="-84.3845777"><time>2026-09-21T14:16:30.000Z</time></trkpt>
<trkpt lat="33.7643979" lon="-84.3843618"><time>2026-09-21T14:16:31.000Z</time></trkpt>
<trkpt lat="33.7642891" lon="-84.3843517"><time>2026-09-21T14:16:32.000Z</time></trkpt>
<trkpt lat="33.7641326" lon="-84.3842116"><time>2026-09-21T14:16:33.000Z</time></trkpt>
<trkpt lat="33.7639555" lon="-84.3840485"><time>2026-09-21T14:16:34.000Z</time></trkpt>
<trkpt lat="33.7638801" lon="-84.3839620"><time>2026-09-21T14:16:35.000Z</time></trkpt>
<trkpt lat="33.7636753" lon="-84.3837796"><time>2026-09-21T14:16:36.000Z</time></trkpt>
<trkpt lat="33.7635076" lon="-84.3836251"><time>2026-09-21T14:16:37.000Z</time></trkpt>
<trkpt lat="33.7634245" lon="-84.3834592"><time>2026-09-21T14:16:38.000Z</time></trkpt>
<trkpt lat="33.7632655" lon="-84.3833439"><time>2026-09-21T14:16:39.000Z</time></trkpt>
<trkpt lat="33.7631152" lon="-84.3833135"><time>2026-09-21T14:16:40.000Z</time></trkpt>
<trkpt lat="33.7629984" lon="-84.3830732"><time>2026-09-21T14:16:41.000Z</time></trkpt>
<trkpt lat="33.7629456" lon="-84.3828909"><time>2026-09-21T14:16:42.000Z</time></trkpt>
<trkpt lat="33.7627410" lon="-84.3827373"><time>2026-09-21T14:16:43.000Z</time></trkpt>
<trkpt lat="33.7626417" lon="-84.3825293"><time>2026-09-21T14:16:44.000Z</time></trkpt>
<trkpt lat="33.7624840" lon="-84.3824891"><time>2026-09-21T14:16:45.000Z</time></trkpt>
<trkpt lat="33.7624624" lon="-84.3823136"><time>2026-09-21T14:16:46.000Z</time></trkpt>
<trkpt lat="33.7621826" lon="-84.3822234"><time>2026-09-21T14:16:47.000Z</time></trkpt>
<trkpt lat="33.7620839" lon="-84.3820690"><time>2026-09-21T14:16:48.000Z</time></trkpt>
<trkpt lat="33.7619760" lon="-84.3818812"><time>2026-09-21T14:16:49.000Z</time></trkpt>
<trkpt lat="33.7618904" lon="-84.3816404"><time>2026-09-21T14:16:50.000Z</time></trkpt>
<trkpt lat="33.7616911" lon="-84.3815354"><time>2026-09-21T14:16:51.000Z</time></trkpt>
<trkpt lat="33.7616272" lon="-84.3814255"><time>2026-09-21T14:16:52.000Z</time></trkpt>
<trkpt lat="33.7614642" lon="-84.3812634"><time>2026-09-21T14:16:53.000Z</time></trkpt>
<trkpt lat="33.7613203" lon="-84.3811131"><time>2026-09-21T14:16:54.000Z</time></trkpt>
<trkpt lat="33.7611580" lon="-84.3809823"><time>2026-09-21T14:16:55.000Z</time></trkpt>
<trkpt lat="33.7609673" lon="-84.3809199"><time>2026-09-21T14:16:56.000Z</time></trkpt>
<trkpt lat="33.7609354" lon="-84.3806582"><time>2026-09-21T14:16:57.000Z</time></trkpt>
<trkpt lat="33.7606910" lon="-84.3805632"><time>2026-09-21T14:16:58.000Z</time></trkpt>
<trkpt lat="33.7606175" lon="-84.3804342"><time>2026-09-21T14:16:59.000Z</time></trkpt>
<trkpt lat="33.7605200" lon="-84.3802873"><time>2026-09-21T14:17:00.000Z</time></trkpt>
<trkpt lat="33.7603085" lon="-84.3801482"><time>2026-09-21T14:17:01.000Z</time></trkpt>
<trkpt lat="33.7601864" lon="-84.3800665"><time>2026-09-21T14:17:02.000Z</time></trkpt>
<trkpt lat="33.7599972" lon="-84.3800050"><time>2026-09-21T14:17:03.000Z</time></trkpt>
<trkpt lat="33.7599158" lon="-84.3798619"><time>2026-09-21T14:17:04.000Z</time></trkpt>
<trkpt lat="33.7597156" lon="-84.3797007"><time>2026-09-21T14:17:05.000Z</time></trkpt>
<trkpt lat="33.7595604" lon="-84.3796139"><time>2026-09-21T14:17:06.000Z</time></trkpt>
<trkpt lat="33.7593829" lon="-84.3795737"><time>2026-09-21T14:17:07.000Z</time></trkpt>
<trkpt lat="33.7592409" lon="-84.3794680"><time>2026-09-21T14:17:08.000Z</time></trkpt>
<trkpt lat="33.7590739" lon="-84.3793198"><time>2026-09-21T14:17:09.000Z</time></trkpt>
<trkpt lat="33.7589363" lon="-84.3792682"><time>2026-09-21T14:17:10.000Z</time></trkpt>
<trkpt lat="33.7587654" lon="-84.3791930"><time>2026-09-21T14:17:11.000Z</time></trkpt>
<trkpt lat="33.7585667" lon="-84.3791023"><time>2026-09-21T14:17:12.000Z</time></trkpt>
<trkpt lat="33.7584162" lon="-84.3790513"><time>2026-09-21T14:17:13.000Z</time></trkpt>
<trkpt lat="33.7581385" lon="-84.3790451"><time>2026-09-21T14:17:14.000Z</time></trkpt>
<trkpt lat="33.7580641" lon="-84.3790697"><time>2026-09-21T14:17:15.000Z</time></trkpt>
<trkpt lat="33.7578830" lon="-84.3788866"><time>2026-09-21T14:17:16.000Z</time></trkpt>
<trkpt lat="33.7576987" lon="-84.3788336"><time>2026-09-21T14:17:17.000Z</time></trkpt>
<trkpt lat="33.7575291" lon="-84.3788527"><time>2026-09-21T14:17:18.000Z</time></trkpt>
<trkpt lat="33.7572716" lon="-84.3788595"><time>2026-09-21T14:17:19.000Z</time></trkpt>
<trkpt lat="33.7571701" lon="-84.3787545"><time>2026-09-21T14:17:20.000Z</time></trkpt>
<trkpt lat="33.7569616" lon="-84.3787129"><time>2026-09-21T14:17:21.000Z</time></trkpt>
<trkpt lat="33.7567573" lon="-84.3786727"><time>2026-09-21T14:17:22.000Z</time></trkpt>
<trkpt lat="33.7566960" lon="-84.3786135"><time>2026-09-21T14:17:23.000Z</time></trkpt>
<trkpt lat="33.7564567" lon="-84.3786542"><time>2026-09-21T14:17:24.000Z</time></trkpt>
<trkpt lat="33.7562560" lon="-84.3786510"><time>2026-09-21T14:17:25.000Z</time></trkpt>
<trkpt lat="33.7561203" lon="-84.3785835"><time>2026-09-21T14:17:26.000Z</time></trkpt>
<trkpt lat="33.7558929" lon="-84.3786312"><time>2026-09-21T14:17:27.000Z</time></trkpt>
<trkpt lat="33.7557216" lon="-84.3786190"><time>2026-09-21T14:17:28.000Z</time></trkpt>
<trkpt lat="33.7555626" lon="-84.3786645"><time>2026-09-21T14:17:29.000Z</time></trkpt>
<trkpt lat="33.7553557" lon="-84.3786659"><time>2026-09-21T14:17:30.000Z</time></trkpt>
<trkpt lat="33.7552153" lon="-84.3786359"><time>2026-09-21T14:17:31.000Z</time></trkpt>
<trkpt lat="33.7550312" lon="-84.3787069"><time>2026-09-21T14:17:32.000Z</time></trkpt>
<trkpt lat="33.7548412" lon="-84.3786132"><time>2026-09-21T14:17:33.000Z</time></trkpt>
<trkpt lat="33.7547120" lon="-84.3787095"><time>2026-09-21T14:17:34.000Z</time></trkpt>
<trkpt lat="33.7544768" lon="-84.3786623"><time>2026-09-21T14:17:35.000Z</time></trkpt>
<trkpt lat="33.7543028" lon="-84.3787778"><time>2026-09-21T14:17:36.000Z</time></trkpt>
<trkpt lat="33.7540862" lon="-84.3787718"><time>2026-09-21T14:17:37.000Z</time></trkpt>
<trkpt lat="33.7539765" lon="-84.3788777"><time>2026-09-21T14:17:38.000Z</time></trkpt>
<trkpt lat="33.7538484" lon="-84.3789496"><time>2026-09-21T14:17:39.000Z</time></trkpt>
<trkpt lat="33.7536322" lon="-84.3789766"><time>2026-09-21T14:17:40.000Z</time></trkpt>
<trkpt lat="33.7534084" lon="-84.3790465"><time>2026-09-21T14:17:41.000Z</time></trkpt>
<trkpt lat="33.7532627" lon="-84.3791096"><time>2026-09-21T14:17:42.000Z</time></trkpt>
<trkpt lat="33.7531456" lon="-84.3792254"><time>2026-09-21T14:17:43.000Z</time></trkpt>
<trkpt lat="33.7529575" lon="-84.3793088"><time>2026-09-21T14:17:44.000Z</time></trkpt>
<trkpt lat="33.7528110" lon="-84.3793328"><time>2026-09-21T14:17:45.000Z</time></trkpt>
<trkpt lat="33.7526516" lon="-84.3795054"><time>2026-09-21T14:17:46.000Z</time></trkpt>
<trkpt lat="33.7524689" lon="-84.3796286"><time>2026-09-21T14:17:47.000Z</time></trkpt>
<trkpt lat="33.7523025" lon="-84.3797402"><time>2026-09-21T14:17:48.000Z</time></trkpt>
<trkpt lat="33.7521117" lon="-84.3798026"><time>2026-09-21T14:17:49.000Z</time></trkpt>
<trkpt lat="33.7520903" lon="-84.3800829"><time>2026-09-21T14:17:50.000Z</time></trkpt>
<trkpt lat="33.7518447" lon="-84.3800990"><time>2026-09-21T14:17:51.000Z</time></trkpt>
<trkpt lat="33.7517515" lon="-84.3801796"><time>2026-09-21T14:17:52.000Z</time></trkpt>
<trkpt lat="33.7515851" lon="-84.3804758"><time>2026-09-21T14:17:53.000Z</time></trkpt>
<trkpt lat="33.7514689" lon="-84.3805955"><time>2026-09-21T14:17:54.000Z</time></trkpt>
<trkpt lat="33.7514288" lon="-84.3806350"><time>2026-09-21T14:17:55.000Z</time></trkpt>
<trkpt lat="33.7512806" lon="-84.3809313"><time>2026-09-21T14:17:56.000Z</time></trkpt>
<trkpt lat="33.7511142" lon="-84.3809036"><time>2026-09-21T14:17:57.000Z</time></trkpt>
<trkpt lat="33.7510380" lon="-84.3811759"><time>2026-09-21T14:17:58.000Z</time></trkpt>
<trkpt lat="33.7509016" lon="-84.3812785"><time>2026-09-21T14:17:59.000Z</time></trkpt>
<trkpt lat="33.7507302" lon="-84.3814991"><time>2026-09-21T14:18:00.000Z</time></trkpt>
<trkpt lat="33.7505868" lon="-84.3816509"><time>2026-09-21T14:18:01.000Z</time></trkpt>
<trkpt lat="33.7504816" lon="-84.3817244"><time>2026-09-21T14:18:02.000Z</time></trkpt>
<trkpt lat="33.7503287" lon="-84.3819361"><time>2026-09-21T14:18:03.000Z</time></trkpt>
<trkpt lat="33.7502009" lon="-84.3820830"><time>2026-09-21T14:18:04.000Z</time></trkpt>
<trkpt lat="33.7500856" lon="-84.3822495"><time>2026-09-21T14:18:05.000Z</time></trkpt>
<trkpt lat="33.7499666" lon="-84.3824243"><time>2026-09-21T14:18:06.000Z</time></trkpt>
<trkpt lat="33.7498295" lon="-84.3824855"><time>2026-09-21T14:18:07.000Z</time></trkpt>
<trkpt lat="33.7497321" lon="-84.3826173"><time>2026-09-21T14:18:08.000Z</time></trkpt>
<trkpt lat="33.7495587" lon="-84.3828704"><time>2026-09-21T14:18:09.000Z</time></trkpt>
<trkpt lat="33.7494431" lon="-84.3830396"><time>2026-09-21T14:18:10.000Z</time></trkpt>
<trkpt lat="33.7494140" lon="-84.3831412"><time>2026-09-21T14:18:11.000Z</time></trkpt>
<trkpt lat="33.7492871" lon="-84.3833427"><time>2026-09-21T14:18:12.000Z</time></trkpt>
<trkpt lat="33.7491850" lon="-84.3836082"><time>2026-09-21T14:18:13.000Z</time></trkpt>
<trkpt lat="33.7489822" lon="-84.3836917"><time>2026-09-21T14:18:14.000Z</time></trkpt>
<trkpt lat="33.7489491" lon="-84.3838683"><time>2026-09-21T14:18:15.000Z</time></trkpt>
<trkpt lat="33.7488665" lon="-84.3841733"><time>2026-09-21T14:18:16.000Z</time></trkpt>
<trkpt lat="33.7487428" lon="-84.3842563"><time>2026-09-21T14:18:17.000Z</time></trkpt>
<trkpt lat="33.7487320" lon="-84.3844216"><time>2026-09-21T14:18:18.000Z</time></trkpt>
<trkpt lat="33.7486399" lon="-84.3845816"><time>2026-09-21T14:18:19.000Z</time></trkpt>
<trkpt lat="33.7485572" lon="-84.3848037"><time>2026-09-21T14:18:20.000Z</time></trkpt>
<trkpt lat="33.7484923" lon="-84.3850113"><time>2026-09-21T14:18:21.000Z</time></trkpt>
<trkpt lat="33.7483504" lon="-84.3852837"><time>2026-09-21T14:18:22.000Z</time></trkpt>
<trkpt lat="33.7483450" lon="-84.3854123"><time>2026-09-21T14:18:23.000Z</time></trkpt>
<trkpt lat="33.7482243" lon="-84.3856986"><time>2026-09-21T14:18:24.000Z</time></trkpt>
<trkpt lat="33.7481584" lon="-84.3857979"><time>2026-09-21T14:18:25.000Z</time></trkpt>
<trkpt lat="33.7480333" lon="-84.3860435"><time>2026-09-21T14:18:26.000Z</time></trkpt>
<trkpt lat="33.7479838" lon="-84.3862980"><time>2026-09-21T14:18:27.000Z</time></trkpt>
<trkpt lat="33.7478765" lon="-84.3863954"><time>2026-09-21T14:18:28.000Z</time></trkpt>
<trkpt lat="33.7477807" lon="-84.3865883"><time>2026-09-21T14:18:29.000Z</time></trkpt>
<trkpt lat="33.7476923" lon="-84.3867797"><time>2026-09-21T14:18:30.000Z</time></trkpt>
<trkpt lat="33.7476149" lon="-84.3869963"><time>2026-09-21T14:18:31.000Z</time></trkpt>
<trkpt lat="33.7474634" lon="-84.3870890"><time>2026-09-21T14:18:32.000Z</time></trkpt>
<trkpt lat="33.7473718" lon="-84.3872628"><time>2026-09-21T14:18:33.000Z</time></trkpt>
<trkpt lat="33.7472748" lon="-84.3874575"><time>2026-09-21T14:18:34.000Z</time></trkpt>
<trkpt lat="33.7470862" lon="-84.3875314"><time>2026-09-21T14:18:35.000Z</time></trkpt>
<trkpt lat="33.7469325" lon="-84.3878385"><time>2026-09-21T14:18:36.000Z</time></trkpt>
<trkpt lat="33.7468607" lon="-84.3878991"><time>2026-09-21T14:18:37.000Z</time></trkpt>
<trkpt lat="33.7467387" lon="-84.3881095"><time>2026-09-21T14:18:38.000Z</time></trkpt>
<trkpt lat="33.7466585" lon="-84.3882508"><time>2026-09-21T14:18:39.000Z</time></trkpt>
<trkpt lat="33.7465579" lon="-84.3884618"><time>2026-09-21T14:18:40.000Z</time></trkpt>
<trkpt lat="33.7463368" lon="-84.3885423"><time>2026-09-21T14:18:41.000Z</time></trkpt>
<trkpt lat="33.7462341" lon="-84.3886963"><time>2026-09-21T14:18:42.000Z</time></trkpt>
<trkpt lat="33.7461724" lon="-84.3888442"><time>2026-09-21T14:18:43.000Z</time></trkpt>
<trkpt lat="33.7460155" lon="-84.3890566"><time>2026-09-21T14:18:44.000Z</time></trkpt>
<trkpt lat="33.7458859" lon="-84.3893159"><time>2026-09-21T14:18:45.000Z</time></trkpt>
<trkpt lat="33.7457537" lon="-84.3893267"><time>2026-09-21T14:18:46.000Z</time></trkpt>
<trkpt lat="33.7456270" lon="-84.3894276"><time>2026-09-21T14:18:47.000Z</time></trkpt>
<trkpt lat="33.7455807" lon="-84.3896847"><time>2026-09-21T14:18:48.000Z</time></trkpt>
<trkpt lat="33.7454480" lon="-84.3898258"><time>2026-09-21T14:18:49.000Z</time></trkpt>
<trkpt lat="33.7452688" lon="-84.3899646"><time>2026-09-21T14:18:50.000Z</time></trkpt>
<trkpt lat="33.7451555" lon="-84.3900910"><time>2026-09-21T14:18:51.000Z</time></trkpt>
<trkpt lat="33.7450332" lon="-84.3903005"><time>2026-09-21T14:18:52.000Z</time></trkpt>
<trkpt lat="33.7449089" lon="-84.3904007"><time>2026-09-21T14:18:53.000Z</time></trkpt>
<trkpt lat="33.7447593" lon="-84.3906463"><time>2026-09-21T14:18:54.000Z</time></trkpt>
<trkpt lat="33.7445715" lon="-84.3906861"><time>2026-09-21T14:18:55.000Z</time></trkpt>
<trkpt lat="33.7445131" lon="-84.3907765"><time>2026-09-21T14:18:56.000Z</time></trkpt>
<trkpt lat="33.7444218" lon="-84.3909762"><time>2026-09-21T14:18:57.000Z</time></trkpt>
<trkpt lat="33.7442943" lon="-84.3910622"><time>2026-09-21T14:18:58.000Z</time></trkpt>
<trkpt lat="33.7440500" lon="-84.3912664"><time>2026-09-21T14:18:59.000Z</time></trkpt>
<trkpt lat="33.7438489" lon="-84.3914541"><time>2026-09-21T14:19:00.000Z</time></trkpt>
<trkpt lat="33.7436957" lon="-84.3914938"><time>2026-09-21T14:19:01.000Z</time></trkpt>
<trkpt lat="33.7436067" lon="-84.3915860"><time>2026-09-21T14:19:02.000Z</time></trkpt>
<trkpt lat="33.7434045" lon="-84.3916517"><time>2026-09-21T14:19:03.000Z</time></trkpt>
<trkpt lat="33.7432256" lon="-84.3917571"><time>2026-09-21T14:19:04.000Z</time></trkpt>
<trkpt lat="33.7431091" lon="-84.3917078"><time>2026-09-21T14:19:05.000Z</time></trkpt>
<trkpt lat="33.7429124" lon="-84.3918076"><time>2026-09-21T14:19:06.000Z</time></trkpt>
<trkpt lat="33.7427991" lon="-84.3918864"><time>2026-09-21T14:19:07.000Z</time></trkpt>
<trkpt lat="33.7425479" lon="-84.3919325"><time>2026-09-21T14:19:08.000Z</time></trkpt>
<trkpt lat="33.7424212" lon="-84.3920032"><time>2026-09-21T14:19:09.000Z</time></trkpt>
<trkpt lat="33.7422070" lon="-84.3919699"><time>2026-09-21T14:19:10.000Z</time></trkpt>
<trkpt lat="33.7420701" lon="-84.3920086"><time>2026-09-21T14:19:11.000Z</time></trkpt>
<trkpt lat="33.7418330" lon="-84.3919659"><time>2026-09-21T14:19:12.000Z</time></trkpt>
<trkpt lat="33.7416483" lon="-84.3919595"><time>2026-09-21T14:19:13.000Z</time></trkpt>
<trkpt lat="33.7414191" lon="-84.3919878"><time>2026-09-21T14:19:14.000Z</time></trkpt>
<trkpt lat="33.7412796" lon="-84.3920435"><time>2026-09-21T14:19:15.000Z</time></trkpt>
<trkpt lat="33.7410357" lon="-84.3920627"><time>2026-09-21T14:19:16.000Z</time></trkpt>
<trkpt lat="33.7409519" lon="-84.3920272"><time>2026-09-21T14:19:17.000Z</time></trkpt>
<trkpt lat="33.7408070" lon="-84.3919834"><time>2026-09-21T14:19:18.000Z</time></trkpt>
<trkpt lat="33.7405865" lon="-84.3921069"><time>2026-09-21T14:19:19.000Z</time></trkpt>
<trkpt lat="33.7404194" lon="-84.3920660"><time>2026-09-21T14:19:20.000Z</time></trkpt>
<trkpt lat="33.7401792" lon="-84.3920901"><time>2026-09-21T14:19:21.000Z</time></trkpt>
<trkpt lat="33.7400120" lon="-84.3920670"><time>2026-09-21T14:19:22.000Z</time></trkpt>
<trkpt lat="33.7398383" lon="-84.3921151"><time>2026-09-21T14:19:23.000Z</time></trkpt>
<trkpt lat="33.7396881" lon="-84.3921386"><time>2026-09-21T14:19:24.000Z</time></trkpt>
<trkpt lat="33.7395208" lon="-84.3920358"><time>2026-09-21T14:19:25.000Z</time></trkpt>
<trkpt lat="33.7393163" lon="-84.3920662"><time>2026-09-21T14:19:26.000Z</time></trkpt>
<trkpt lat="33.7391754" lon="-84.3921735"><time>2026-09-21T14:19:27.000Z</time></trkpt>
<trkpt lat="33.7389322" lon="-84.3921255"><time>2026-09-21T14:19:28.000Z</time></trkpt>
<trkpt lat="33.7387811" lon="-84.3920397"><time>2026-09-21T14:19:29.000Z</time></trkpt>
<trkpt lat="33.7386323" lon="-84.3921291"><time>2026-09-21T14:19:30.000Z</time></trkpt>
<trkpt lat="33.7383805" lon="-84.3922263"><time>2026-09-21T14:19:31.000Z</time></trkpt>
<trkpt lat="33.7382057" lon="-84.3921148"><time>2026-09-21T14:19:32.000Z</time></trkpt>
<trkpt lat="33.7380638" lon="-84.3921282"><time>2026-09-21T14:19:33.000Z</time></trkpt>
<trkpt lat="33.7378485" lon="-84.3921196"><time>2026-09-21T14:19:34.000Z</time></trkpt>
<trkpt lat="33.7376982" lon="-84.3921415"><time>2026-09-21T14:19:35.000Z</time></trkpt>
<trkpt lat="33.7374473" lon="-84.3921554"><time>2026-09-21T14:19:36.000Z</time></trkpt>
<trkpt lat="33.7373672" lon="-84.3922161"><time>2026-09-21T14:19:37.000Z</time></trkpt>
<trkpt lat="33.7371286" lon="-84.3921474"><time>2026-09-21T14:19:38.000Z</time></trkpt>
<trkpt lat="33.7370442" lon="-84.3921567"><time>2026-09-21T14:19:39.000Z</time></trkpt>
<trkpt lat="33.7367616" lon="-84.3921445"><time>2026-09-21T14:19:40.000Z</time></trkpt>
<trkpt lat="33.7366258" lon="-84.3922028"><time>2026-09-21T14:19:41.000Z</time></trkpt>
<trkpt lat="33.7364698" lon="-84.3921702"><time>2026-09-21T14:19:42.000Z</time></trkpt>
<trkpt lat="33.7362901" lon="-84.3922153"><time>2026-09-21T14:19:43.000Z</time></trkpt>
<trkpt lat="33.7361145" lon="-84.3921897"><time>2026-09-21T14:19:44.000Z</time></trkpt>
<trkpt lat="33.7359110" lon="-84.3921740"><time>2026-09-21T14:19:45.000Z</time></trkpt>
<trkpt lat="33.7357207" lon="-84.3921797"><time>2026-09-21T14:19:46.000Z</time></trkpt>
<trkpt lat="33.7355874" lon="-84.3921399"><time>2026-09-21T14:19:47.000Z</time></trkpt>
<trkpt lat="33.7353893" lon="-84.3922364"><time>2026-09-21T14:19:48.000Z</time></trkpt>
<trkpt lat="33.7351191" lon="-84.3922115"><time>2026-09-21T14:19:49.000Z</time></trkpt>
<trkpt lat="33.7350335" lon="-84.3922657"><time>2026-09-21T14:19:50.000Z</time></trkpt>
<trkpt lat="33.7348101" lon="-84.3922497"><time>2026-09-21T14:19:51.000Z</time></trkpt>
<trkpt lat="33.7346771" lon="-84.3922307"><time>2026-09-21T14:19:52.000Z</time></trkpt>
<trkpt lat="33.7345019" lon="-84.3922820"><time>2026-09-21T14:19:53.000Z</time></trkpt>
<trkpt lat="33.7342896" lon="-84.3922707"><time>2026-09-21T14:19:54.000Z</time></trkpt>
<trkpt lat="33.7340869" lon="-84.3923095"><time>2026-09-21T14:19:55.000Z</time></trkpt>
<trkpt lat="33.7339603" lon="-84.3923008"><time>2026-09-21T14:19:56.000Z</time></trkpt>
<trkpt lat="33.7337799" lon="-84.3922510"><time>2026-09-21T14:19:57.000Z</time></trkpt>
<trkpt lat="33.7335719" lon="-84.3923017"><time>2026-09-21T14:19:58.000Z</time></trkpt>
<trkpt lat="33.7334103" lon="-84.3922928"><time>2026-09-21T14:19:59.000Z</time></trkpt>
<trkpt lat="33.7332079" lon="-84.3922477"><time>2026-09-21T14:20:00.000Z</time></trkpt>
<trkpt lat="33.7330305" lon="-84.3922453"><time>2026-09-21T14:20:01.000Z</time></trkpt>
<trkpt lat="33.7327886" lon="-84.3922648"><time>2026-09-21T14:20:02.000Z</time></trkpt>
<trkpt lat="33.7326264" lon="-84.3922491"><time>2026-09-21T14:20:03.000Z</time></trkpt>
<trkpt lat="33.7324707" lon="-84.3923179"><time>2026-09-21T14:20:04.000Z</time></trkpt>
<trkpt lat="33.7322659" lon="-84.3922363"><time>2026-09-21T14:20:05.000Z</time></trkpt>
<trkpt lat="33.7321421" lon="-84.3923543"><time>2026-09-21T14:20:06.000Z</time></trkpt>
<trkpt lat="33.7319930" lon="-84.3923590"><time>2026-09-21T14:20:07.000Z</time></trkpt>
<trkpt lat="33.7318013" lon="-84.3923852"><time>2026-09-21T14:20:08.000Z</time></trkpt>
<trkpt lat="33.7315526" lon="-84.3924190"><time>2026-09-21T14:20:09.000Z</time></trkpt>
<trkpt lat="33.7313916" lon="-84.3924271"><time>2026-09-21T14:20:10.000Z</time></trkpt>
<trkpt lat="33.7311959" lon="-84.3924204"><time>2026-09-21T14:20:11.000Z</time></trkpt>
<trkpt lat="33.7310020" lon="-84.3924914"><time>2026-09-21T14:20:12.000Z</time></trkpt>
<trkpt lat="33.7308546" lon="-84.3924738"><time>2026-09-21T14:20:13.000Z</time></trkpt>
<trkpt lat="33.7307208" lon="-84.3925373"><time>2026-09-21T14:20:14.000Z</time></trkpt>
<trkpt lat="33.7305044" lon="-84.3925872"><time>2026-09-21T14:20:15.000Z</time></trkpt>
<trkpt lat="33.7303549" lon="-84.3926883"><time>2026-09-21T14:20:16.000Z</time></trkpt>
<trkpt lat="33.7302009" lon="-84.3928253"><time>2026-09-21T14:20:17.000Z</time></trkpt>
<trkpt lat="33.7300138" lon="-84.3928074"><time>2026-09-21T14:20:18.000Z</time></trkpt>
<trkpt lat="33.7298823" lon="-84.3928340"><time>2026-09-21T14:20:19.000Z</time></trkpt>
<trkpt lat="33.7296890" lon="-84.3928797"><time>2026-09-21T14:20:20.000Z</time></trkpt>
<trkpt lat="33.7294947" lon="-84.3930339"><time>2026-09-21T14:20:21.000Z</time></trkpt>
<trkpt lat="33.7293334" lon="-84.3930264"><time>2026-09-21T14:20:22.000Z</time></trkpt>
<trkpt lat="33.7291221" lon="-84.3930225"><time>2026-09-21T14:20:23.000Z</time></trkpt>
<trkpt lat="33.7290106" lon="-84.3931735"><time>2026-09-21T14:20:24.000Z</time></trkpt>
<trkpt lat="33.7288161" lon="-84.3932207"><time>2026-09-21T14:20:25.000Z</time></trkpt>
<trkpt lat="33.7286033" lon="-84.3932518"><time>2026-09-21T14:20:26.000Z</time></trkpt>
<trkpt lat="33.7283984" lon="-84.3933635"><time>2026-09-21T14:20:27.000Z</time></trkpt>
<trkpt lat="33.7282654" lon="-84.3934805"><time>2026-09-21T14:20:28.000Z</time></trkpt>
<trkpt lat="33.7280965" lon="-84.3935048"><time>2026-09-21T14:20:29.000Z</time></trkpt>
<trkpt lat="33.7279466" lon="-84.3936488"><time>2026-09-21T14:20:30.000Z</time></trkpt>
<trkpt lat="33.7277666" lon="-84.3934552"><time>2026-09-21T14:20:31.000Z</time></trkpt>
<trkpt lat="33.7275917" lon="-84.3936546"><time>2026-09-21T14:20:32.000Z</time></trkpt>
<trkpt lat="33.7273423" lon="-84.3936206"><time>2026-09-21T14:20:33.000Z</time></trkpt>
<trkpt lat="33.7273091" lon="-84.3936494"><time>2026-09-21T14:20:34.000Z</time></trkpt>
<trkpt lat="33.7270557" lon="-84.3937201"><time>2026-09-21T14:20:35.000Z</time></trkpt>
<trkpt lat="33.7268789" lon="-84.3937131"><time>2026-09-21T14:20:36.000Z</time></trkpt>
<trkpt lat="33.7267146" lon="-84.3937684"><time>2026-09-21T14:20:37.000Z</time></trkpt>
<trkpt lat="33.7265316" lon="-84.3937527"><time>2026-09-21T14:20:38.000Z</time></trkpt>
<trkpt lat="33.7262672" lon="-84.3938106"><time>2026-09-21T14:20:39.000Z</time></trkpt>
<trkpt lat="33.7261863" lon="-84.3938527"><time>2026-09-21T14:20:40.000Z</time></trkpt>
<trkpt lat="33.7259891" lon="-84.3938683"><time>2026-09-21T14:20:41.000Z</time></trkpt>
<trkpt lat="33.7258288" lon="-84.3939552"><time>2026-09-21T14:20:42.000Z</time></trkpt>
<trkpt lat="33.7256274" lon="-84.3939885"><time>2026-09-21T14:20:43.000Z</time></trkpt>
<trkpt lat="33.7255028" lon="-84.3939218"><time>2026-09-21T14:20:44.000Z</time></trkpt>
<trkpt lat="33.7252849" lon="-84.3939932"><time>2026-09-21T14:20:45.000Z</time></trkpt>
<trkpt lat="33.7250840" lon="-84.3939268"><time>2026-09-21T14:20:46.000Z</time></trkpt>
<trkpt lat="33.7248564" lon="-84.3939450"><time>2026-09-21T14:20:47.000Z</time></trkpt>
<trkpt lat="33.7246919" lon="-84.3940339"><time>2026-09-21T14:20:48.000Z</time></trkpt>
<trkpt lat="33.7245309" lon="-84.3938991"><time>2026-09-21T14:20:49.000Z</time></trkpt>
<trkpt lat="33.7244398" lon="-84.3939778"><time>2026-09-21T14:20:50.000Z</time></trkpt>
<trkpt lat="33.7241288" lon="-84.3939681"><time>2026-09-21T14:20:51.000Z</time></trkpt>
<trkpt lat="33.7240634" lon="-84.3940678"><time>2026-09-21T14:20:52.000Z</time></trkpt>
<trkpt lat="33.7238706" lon="-84.3941083"><time>2026-09-21T14:20:53.000Z</time></trkpt>
<trkpt lat="33.7236889" lon="-84.3941817"><time>2026-09-21T14:20:54.000Z</time></trkpt>
<trkpt lat="33.7234367" lon="-84.3942602"><time>2026-09-21T14:20:55.000Z</time></trkpt>
<trkpt lat="33.7233254" lon="-84.3943339"><time>2026-09-21T14:20:56.000Z</time></trkpt>
<trkpt lat="33.7231163" lon="-84.3943457"><time>2026-09-21T14:20:57.000Z</time></trkpt>
<trkpt lat="33.7229362" lon="-84.3945339"><time>2026-09-21T14:20:58.000Z</time></trkpt>
<trkpt lat="33.7228271" lon="-84.3945918"><time>2026-09-21T14:20:59.000Z</time></trkpt>
<trkpt lat="33.7226503" lon="-84.3947079"><time>2026-09-21T14:21:00.000Z</time></trkpt>
<trkpt lat="33.7225168" lon="-84.3946917"><time>2026-09-21T14:21:01.000Z</time></trkpt>
<trkpt lat="33.7222837" lon="-84.3947753"><time>2026-09-21T14:21:02.000Z</time></trkpt>
<trkpt lat="33.7221723" lon="-84.3950002"><time>2026-09-21T14:21:03.000Z</time></trkpt>
<trkpt lat="33.7219515" lon="-84.3950752"><time>2026-09-21T14:21:04.000Z</time></trkpt>
<trkpt lat="33.7218843" lon="-84.3951243"><time>2026-09-21T14:21:05.000Z</time></trkpt>
<trkpt lat="33.7216124" lon="-84.3954222"><time>2026-09-21T14:21:06.000Z</time></trkpt>
<trkpt lat="33.7215310" lon="-84.3953913"><time>2026-09-21T14:21:07.000Z</time></trkpt>
<trkpt lat="33.7214592" lon="-84.3954604"><time>2026-09-21T14:21:08.000Z</time></trkpt>
<trkpt lat="33.7212852" lon="-84.3956476"><time>2026-09-21T14:21:09.000Z</time></trkpt>
<trkpt lat="33.7210404" lon="-84.3956705"><time>2026-09-21T14:21:10.000Z</time></trkpt>
<trkpt lat="33.7210139" lon="-84.3958371"><time>2026-09-21T14:21:11.000Z</time></trkpt>
<trkpt lat="33.7208081" lon="-84.3959353"><time>2026-09-21T14:21:12.000Z</time></trkpt>
<trkpt lat="33.7206297" lon="-84.3960556"><time>2026-09-21T14:21:13.000Z</time></trkpt>
<trkpt lat="33.7204753" lon="-84.3962724"><time>2026-09-21T14:21:14.000Z</time></trkpt>
<trkpt lat="33.7204193" lon="-84.3963787"><time>2026-09-21T14:21:15.000Z</time></trkpt>
<trkpt lat="33.7202111" lon="-84.3964747"><time>2026-09-21T14:21:16.000Z</time></trkpt>
<trkpt lat="33.7200963" lon="-84.3965867"><time>2026-09-21T14:21:17.000Z</time></trkpt>
<trkpt lat="33.7198877" lon="-84.3966636"><time>2026-09-21T14:21:18.000Z</time></trkpt>
<trkpt lat="33.7197542" lon="-84.3967256"><time>2026-09-21T14:21:19.000Z</time></trkpt>
<trkpt lat="33.7196063" lon="-84.3969103"><time>2026-09-21T14:21:20.000Z</time></trkpt>
<trkpt lat="33.7194733" lon="-84.3970804"><time>2026-09-21T14:21:21.000Z</time></trkpt>
<trkpt lat="33.7193132" lon="-84.3971117"><time>2026-09-21T14:21:22.000Z</time></trkpt>
<trkpt lat="33.7192198" lon="-84.3971623"><time>2026-09-21T14:21:23.000Z</time></trkpt>
<trkpt lat="33.7190364" lon="-84.3974401"><time>2026-09-21T14:21:24.000Z</time></trkpt>
<trkpt lat="33.7188245" lon="-84.3974672"><time>2026-09-21T14:21:25.000Z</time></trkpt>
<trkpt lat="33.7187064" lon="-84.3974682"><time>2026-09-21T14:21:26.000Z</time></trkpt>
<trkpt lat="33.7185502" lon="-84.3977381"><time>2026-09-21T14:21:27.000Z</time></trkpt>
<trkpt lat="33.7183772" lon="-84.3977509"><time>2026-09-21T14:21:28.000Z</time></trkpt>
<trkpt lat="33.7181637" lon="-84.3978638"><time>2026-09-21T14:21:29.000Z</time></trkpt>
<trkpt lat="33.7180493" lon="-84.3979641"><time>2026-09-21T14:21:30.000Z</time></trkpt>
<trkpt lat="33.7178808" lon="-84.3980489"><time>2026-09-21T14:21:31.000Z</time></trkpt>
<trkpt lat="33.7176537" lon="-84.3981203"><time>2026-09-21T14:21:32.000Z</time></trkpt>
<trkpt lat="33.7175048" lon="-84.3982577"><time>2026-09-21T14:21:33.000Z</time></trkpt>
<trkpt lat="33.7173651" lon="-84.3982632"><time>2026-09-21T14:21:34.000Z</time></trkpt>
<trkpt lat="33.7172018" lon="-84.3983960"><time>2026-09-21T14:21:35.000Z</time></trkpt>
<trkpt lat="33.7170890" lon="-84.3984335"><time>2026-09-21T14:21:36.000Z</time></trkpt>
<trkpt lat="33.7168258" lon="-84.3984885"><time>2026-09-21T14:21:37.000Z</time></trkpt>
<trkpt lat="33.7166118" lon="-84.3985553"><time>2026-09-21T14:21:38.000Z</time></trkpt>
<trkpt lat="33.7164647" lon="-84.3985613"><time>2026-09-21T14:21:39.000Z</time></trkpt>
<trkpt lat="33.7163454" lon="-84.3986838"><time>2026-09-21T14:21:40.000Z</time></trkpt>
<trkpt lat="33.7160974" lon="-84.3987243"><time>2026-09-21T14:21:41.000Z</time></trkpt>
<trkpt lat="33.7160013" lon="-84.3987951"><time>2026-09-21T14:21:42.000Z</time></trkpt>
<trkpt lat="33.7157754" lon="-84.3988668"><time>2026-09-21T14:21:43.000Z</time></trkpt>
<trkpt lat="33.7156009" lon="-84.3988875"><time>2026-09-21T14:21:44.000Z</time></trkpt>
<trkpt lat="33.7154120" lon="-84.3990287"><time>2026-09-21T14:21:45.000Z</time></trkpt>
<trkpt lat="33.7152591" lon="-84.3991055"><time>2026-09-21T14:21:46.000Z</time></trkpt>
<trkpt lat="33.7150615" lon="-84.3991722"><time>2026-09-21T14:21:47.000Z</time></trkpt>
<trkpt lat="33.7149124" lon="-84.3992382"><time>2026-09-21T14:21:48.000Z</time></trkpt>
<trkpt lat="33.7147845" lon="-84.3992467"><time>2026-09-21T14:21:49.000Z</time></trkpt>
<trkpt lat="33.7146199" lon="-84.3993349"><time>2026-09-21T14:21:50.000Z</time></trkpt>
<trkpt lat="33.7145353" lon="-84.3994800"><time>2026-09-21T14:21:51.000Z</time></trkpt>
<trkpt lat="33.7143389" lon="-84.3995960"><time>2026-09-21T14:21:52.000Z</time></trkpt>
<trkpt lat="33.7141648" lon="-84.3997317"><time>2026-09-21T14:21:53.000Z</time></trkpt>
<trkpt lat="33.7139623" lon="-84.3998327"><time>2026-09-21T14:21:54.000Z</time></trkpt>
<trkpt lat="33.7139030" lon="-84.3998975"><time>2026-09-21T14:21:55.000Z</time></trkpt>
<trkpt lat="33.7137032" lon="-84.4000711"><time>2026-09-21T14:21:56.000Z</time></trkpt>
<trkpt lat="33.7136180" lon="-84.4002437"><time>2026-09-21T14:21:57.000Z</time></trkpt>
<trkpt lat="33.7134367" lon="-84.4002588"><time>2026-09-21T14:21:58.000Z</time></trkpt>
<trkpt lat="33.7132893" lon="-84.4004940"><time>2026-09-21T14:21:59.000Z</time></trkpt>
<trkpt lat="33.7131328" lon="-84.4005190"><time>2026-09-21T14:22:00.000Z</time></trkpt>
<trkpt lat="33.7130655" lon="-84.4006317"><time>2026-09-21T14:22:01.000Z</time></trkpt>
<trkpt lat="33.7128551" lon="-84.4008888"><time>2026-09-21T14:22:02.000Z</time></trkpt>
<trkpt lat="33.7126642" lon="-84.4009642"><time>2026-09-21T14:22:03.000Z</time></trkpt>
<trkpt lat="33.7125734" lon="-84.4010312"><time>2026-09-21T14:22:04.000Z</time></trkpt>
<trkpt lat="33.7123503" lon="-84.4011765"><time>2026-09-21T14:22:05.000Z</time></trkpt>
<trkpt lat="33.7122576" lon="-84.4013133"><time>2026-09-21T14:22:06.000Z</time></trkpt>
<trkpt lat="33.7121428" lon="-84.4014374"><time>2026-09-21T14:22:07.000Z</time></trkpt>
<trkpt lat="33.7118155" lon="-84.4013876"><time>2026-09-21T14:22:08.000Z</time></trkpt>
<trkpt lat="33.7116803" lon="-84.4016181"><time>2026-09-21T14:22:09.000Z</time></trkpt>
<trkpt lat="33.7115653" lon="-84.4016443"><time>2026-09-21T14:22:10.000Z</time></trkpt>
<trkpt lat="33.7113870" lon="-84.4017067"><time>2026-09-21T14:22:11.000Z</time></trkpt>
<trkpt lat="33.7112457" lon="-84.4018004"><time>2026-09-21T14:22:12.000Z</time></trkpt>
<trkpt lat="33.7110624" lon="-84.4018378"><time>2026-09-21T14:22:13.000Z</time></trkpt>
<trkpt lat="33.7108772" lon="-84.4018659"><time>2026-09-21T14:22:14.000Z</time></trkpt>
<trkpt lat="33.7107027" lon="-84.4019523"><time>2026-09-21T14:22:15.000Z</time></trkpt>
<trkpt lat="33.7105422" lon="-84.4020305"><time>2026-09-21T14:22:16.000Z</time></trkpt>
<trkpt lat="33.7103287" lon="-84.4021768"><time>2026-09-21T14:22:17.000Z</time></trkpt>
<trkpt lat="33.7101957" lon="-84.4022522"><time>2026-09-21T14:22:18.000Z</time></trkpt>
<trkpt lat="33.7100195" lon="-84.4022746"><time>2026-09-21T14:22:19.000Z</time></trkpt>
<trkpt lat="33.7098886" lon="-84.4023714"><time>2026-09-21T14:22:20.000Z</time></trkpt>
<trkpt lat="33.7096799" lon="-84.4023610"><time>2026-09-21T14:22:21.000Z</time></trkpt>
<trkpt lat="33.7095831" lon="-84.4024589"><time>2026-09-21T14:22:22.000Z</time></trkpt>
<trkpt lat="33.7094038" lon="-84.4025031"><time>2026-09-21T14:22:23.000Z</time></trkpt>
<trkpt lat="33.7091624" lon="-84.4026064"><time>2026-09-21T14:22:24.000Z</time></trkpt>
<trkpt lat="33.7089758" lon="-84.4026255"><time>2026-09-21T14:22:25.000Z</time></trkpt>
<trkpt lat="33.7088050" lon="-84.4027704"><time>2026-09-21T14:22:26.000Z</time></trkpt>
<trkpt lat="33.7086882" lon="-84.4027936"><time>2026-09-21T14:22:27.000Z</time></trkpt>
<trkpt lat="33.7085147" lon="-84.4028780"><time>2026-09-21T14:22:28.000Z</time></trkpt>
<trkpt lat="33.7082616" lon="-84.4029068"><time>2026-09-21T14:22:29.000Z</time></trkpt>
<trkpt lat="33.7081584" lon="-84.4030128"><time>2026-09-21T14:22:30.000Z</time></trkpt>
<trkpt lat="33.7079788" lon="-84.4029775"><time>2026-09-21T14:22:31.000Z</time></trkpt>
<trkpt lat="33.7078295" lon="-84.4031358"><time>2026-09-21T14:22:32.000Z</time></trkpt>
<trkpt lat="33.7076233" lon="-84.4031935"><time>2026-09-21T14:22:33.000Z</time></trkpt>
<trkpt lat="33.7074807" lon="-84.4032333"><time>2026-09-21T14:22:34.000Z</time></trkpt>
<trkpt lat="33.7073452" lon="-84.4033213"><time>2026-09-21T14:22:35.000Z</time></trkpt>
<trkpt lat="33.7071484" lon="-84.4033433"><time>2026-09-21T14:22:36.000Z</time></trkpt>
<trkpt lat="33.7069444" lon="-84.4034667"><time>2026-09-21T14:22:37.000Z</time></trkpt>
<trkpt lat="33.7067948" lon="-84.4035449"><time>2026-09-21T14:22:38.000Z</time></trkpt>
<trkpt lat="33.7066404" lon="-84.4036006"><time>2026-09-21T14:22:39.000Z</time></trkpt>
<trkpt lat="33.7064319" lon="-84.4035612"><time>2026-09-21T14:22:40.000Z</time></trkpt>
<trkpt lat="33.7062278" lon="-84.4035669"><time>2026-09-21T14:22:41.000Z</time></trkpt>
<trkpt lat="33.7060825" lon="-84.4037502"><time>2026-09-21T14:22:42.000Z</time></trkpt>
<trkpt lat="33.7058768" lon="-84.4037614"><time>2026-09-21T14:22:43.000Z</time></trkpt>
<trkpt lat="33.7057652" lon="-84.4037648"><time>2026-09-21T14:22:44.000Z</time></trkpt>
<trkpt lat="33.7055656" lon="-84.4038425"><time>2026-09-21T14:22:45.000Z</time></trkpt>
<trkpt lat="33.7053536" lon="-84.4038504"><time>2026-09-21T14:22:46.000Z</time></trkpt>
<trkpt lat="33.7051430" lon="-84.4039677"><time>2026-09-21T14:22:47.000Z</time></trkpt>
<trkpt lat="33.7049835" lon="-84.4039150"><time>2026-09-21T14:22:48.000Z</time></trkpt>
<trkpt lat="33.7048694" lon="-84.4039781"><time>2026-09-21T14:22:49.000Z</time></trkpt>
<trkpt lat="33.7046131" lon="-84.4040208"><time>2026-09-21T14:22:50.000Z</time></trkpt>
<trkpt lat="33.7044817" lon="-84.4039907"><time>2026-09-21T14:22:51.000Z</time></trkpt>
<trkpt lat="33.7043192" lon="-84.4040042"><time>2026-09-21T14:22:52.000Z</time></trkpt>
<trkpt lat="33.7042064" lon="-84.4040957"><time>2026-09-21T14:22:53.000Z</time></trkpt>
<trkpt lat="33.7039515" lon="-84.4040514"><time>2026-09-21T14:22:54.000Z</time></trkpt>
<trkpt lat="33.7037474" lon="-84.4041053"><time>2026-09-21T14:22:55.000Z</time></trkpt>
<trkpt lat="33.7035892" lon="-84.4041321"><time>2026-09-21T14:22:56.000Z</time></trkpt>
<trkpt lat="33.7034210" lon="-84.4041230"><time>2026-09-21T14:22:57.000Z</time></trkpt>
<trkpt lat="33.7032069" lon="-84.4041680"><time>2026-09-21T14:22:58.000Z</time></trkpt>
<trkpt lat="33.7030354" lon="-84.4041400"><time>2026-09-21T14:22:59.000Z</time></trkpt>
<trkpt lat="33.7029015" lon="-84.4041214"><time>2026-09-21T14:23:00.000Z</time></trkpt>
<trkpt lat="33.7026665" lon="-84.4041778"><time>2026-09-21T14:23:01.000Z</time></trkpt>
<trkpt lat="33.7025119" lon="-84.4041566"><time>2026-09-21T14:23:02.000Z</time></trkpt>
<trkpt lat="33.7023322" lon="-84.4041434"><time>2026-09-21T14:23:03.000Z</time></trkpt>
<trkpt lat="33.7021435" lon="-84.4040724"><time>2026-09-21T14:23:04.000Z</time></trkpt>
<trkpt lat="33.7019166" lon="-84.4041720"><time>2026-09-21T14:23:05.000Z</time></trkpt>
<trkpt lat="33.7018266" lon="-84.4041560"><time>2026-09-21T14:23:06.000Z</time></trkpt>
<trkpt lat="33.7016510" lon="-84.4041331"><time>2026-09-21T14:23:07.000Z</time></trkpt>
<trkpt lat="33.7014279" lon="-84.4042590"><time>2026-09-21T14:23:08.000Z</time></trkpt>
<trkpt lat="33.7013017" lon="-84.4042296"><time>2026-09-21T14:23:09.000Z</time></trkpt>
<trkpt lat="33.7011208" lon="-84.4041984"><time>2026-09-21T14:23:10.000Z</time></trkpt>
<trkpt lat="33.7009221" lon="-84.4042385"><time>2026-09-21T14:23:11.000Z</time></trkpt>
<trkpt lat="33.7006712" lon="-84.4042386"><time>2026-09-21T14:23:12.000Z</time></trkpt>
<trkpt lat="33.7005751" lon="-84.4042853"><time>2026-09-21T14:23:13.000Z</time></trkpt>
<trkpt lat="33.7003880" lon="-84.4043191"><time>2026-09-21T14:23:14.000Z</time></trkpt>
<trkpt lat="33.7001518" lon="-84.4043801"><time>2026-09-21T14:23:15.000Z</time></trkpt>
<trkpt lat="33.6999541" lon="-84.4043603"><time>2026-09-21T14:23:16.000Z</time></trkpt>
<trkpt lat="33.6997834" lon="-84.4044170"><time>2026-09-21T14:23:17.000Z</time></trkpt>
<trkpt lat="33.6996552" lon="-84.4044828"><time>2026-09-21T14:23:18.000Z</time></trkpt>
<trkpt lat="33.6994961" lon="-84.4044516"><time>2026-09-21T14:23:19.000Z</time></trkpt>
<trkpt lat="33.6992572" lon="-84.4045263"><time>2026-09-21T14:23:20.000Z</time></trkpt>
<trkpt lat="33.6991000" lon="-84.4045827"><time>2026-09-21T14:23:21.000Z</time></trkpt>
<trkpt lat="33.6989362" lon="-84.4047162"><time>2026-09-21T14:23:22.000Z</time></trkpt>
<trkpt lat="33.6987670" lon="-84.4045920"><time>2026-09-21T14:23:23.000Z</time></trkpt>
<trkpt lat="33.6985657" lon="-84.4047631"><time>2026-09-21T14:23:24.000Z</time></trkpt>
<trkpt lat="33.6984519" lon="-84.4047018"><time>2026-09-21T14:23:25.000Z</time></trkpt>
<trkpt lat="33.6982516" lon="-84.4047675"><time>2026-09-21T14:23:26.000Z</time></trkpt>
<trkpt lat="33.6980525" lon="-84.4048010"><time>2026-09-21T14:23:27.000Z</time></trkpt>
<trkpt lat="33.6979648" lon="-84.4048630"><time>2026-09-21T14:23:28.000Z</time></trkpt>
<trkpt lat="33.6977048" lon="-84.4047871"><time>2026-09-21T14:23:29.000Z</time></trkpt>
<trkpt lat="33.6975897" lon="-84.4048707"><time>2026-09-21T14:23:30.000Z</time></trkpt>
<trkpt lat="33.6972784" lon="-84.4050342"><time>2026-09-21T14:23:31.000Z</time></trkpt>
<trkpt lat="33.6971867" lon="-84.4049008"><time>2026-09-21T14:23:32.000Z</time></trkpt>
<trkpt lat="33.6969328" lon="-84.4050270"><time>2026-09-21T14:23:33.000Z</time></trkpt>
<trkpt lat="33.6968224" lon="-84.4050357"><time>2026-09-21T14:23:34.000Z</time></trkpt>
<trkpt lat="33.6966468" lon="-84.4050899"><time>2026-09-21T14:23:35.000Z</time></trkpt>
<trkpt lat="33.6964853" lon="-84.4050653"><time>2026-09-21T14:23:36.000Z</time></trkpt>
<trkpt lat="33.6962672" lon="-84.4049600"><time>2026-09-21T14:23:37.000Z</time></trkpt>
<trkpt lat="33.6960376" lon="-84.4050158"><time>2026-09-21T14:23:38.000Z</time></trkpt>
<trkpt lat="33.6959007" lon="-84.4050476"><time>2026-09-21T14:23:39.000Z</time></trkpt>
<trkpt lat="33.6956803" lon="-84.4050428"><time>2026-09-21T14:23:40.000Z</time></trkpt>
<trkpt lat="33.6955492" lon="-84.4049484"><time>2026-09-21T14:23:41.000Z</time></trkpt>
<trkpt lat="33.6953663" lon="-84.4049659"><time>2026-09-21T14:23:42.000Z</time></trkpt>
<trkpt lat="33.6951983" lon="-84.4048706"><time>2026-09-21T14:23:43.000Z</time></trkpt>
<trkpt lat="33.6950413" lon="-84.4048499"><time>2026-09-21T14:23:44.000Z</time></trkpt>
<trkpt lat="33.6948414" lon="-84.4047629"><time>2026-09-21T14:23:45.000Z</time></trkpt>
<trkpt lat="33.6947350" lon="-84.4047063"><time>2026-09-21T14:23:46.000Z</time></trkpt>
<trkpt lat="33.6945356" lon="-84.4045827"><time>2026-09-21T14:23:47.000Z</time></trkpt>
<trkpt lat="33.6943606" lon="-84.4045394"><time>2026-09-21T14:23:48.000Z</time></trkpt>
<trkpt lat="33.6941608" lon="-84.4043445"><time>2026-09-21T14:23:49.000Z</time></trkpt>
<trkpt lat="33.6941009" lon="-84.4043305"><time>2026-09-21T14:23:50.000Z</time></trkpt>
<trkpt lat="33.6939375" lon="-84.4041407"><time>2026-09-21T14:23:51.000Z</time></trkpt>
<trkpt lat="33.6937672" lon="-84.4040719"><time>2026-09-21T14:23:52.000Z</time></trkpt>
<trkpt lat="33.6935292" lon="-84.4039679"><time>2026-09-21T14:23:53.000Z</time></trkpt>
<trkpt lat="33.6934117" lon="-84.4039162"><time>2026-09-21T14:23:54.000Z</time></trkpt>
<trkpt lat="33.6931709" lon="-84.4037644"><time>2026-09-21T14:23:55.000Z</time></trkpt>
<trkpt lat="33.6931085" lon="-84.4036380"><time>2026-09-21T14:23:56.000Z</time></trkpt>
<trkpt lat="33.6929595" lon="-84.4034869"><time>2026-09-21T14:23:57.000Z</time></trkpt>
<trkpt lat="33.6928026" lon="-84.4033975"><time>2026-09-21T14:23:58.000Z</time></trkpt>
<trkpt lat="33.6927180" lon="-84.4032139"><time>2026-09-21T14:23:59.000Z</time></trkpt>
<trkpt lat="33.6925005" lon="-84.4031594"><time>2026-09-21T14:24:00.000Z</time></trkpt>
<trkpt lat="33.6924082" lon="-84.4030334"><time>2026-09-21T14:24:01.000Z</time></trkpt>
<trkpt lat="33.6922960" lon="-84.4029234"><time>2026-09-21T14:24:02.000Z</time></trkpt>
<trkpt lat="33.6920800" lon="-84.4028170"><time>2026-09-21T14:24:03.000Z</time></trkpt>
<trkpt lat="33.6918725" lon="-84.4026673"><time>2026-09-21T14:24:04.000Z</time></trkpt>
<trkpt lat="33.6917056" lon="-84.4025907"><time>2026-09-21T14:24:05.000Z</time></trkpt>
<trkpt lat="33.6916153" lon="-84.4023623"><time>2026-09-21T14:24:06.000Z</time></trkpt>
<trkpt lat="33.6914808" lon="-84.4023013"><time>2026-09-21T14:24:07.000Z</time></trkpt>
<trkpt lat="33.6912804" lon="-84.4022676"><time>2026-09-21T14:24:08.000Z</time></trkpt>
<trkpt lat="33.6911740" lon="-84.4020264"><time>2026-09-21T14:24:09.000Z</time></trkpt>
<trkpt lat="33.6909742" lon="-84.4019321"><time>2026-09-21T14:24:10.000Z</time></trkpt>
<trkpt lat="33.6908303" lon="-84.4018619"><time>2026-09-21T14:24:11.000Z</time></trkpt>
<trkpt lat="33.6907095" lon="-84.4017315"><time>2026-09-21T14:24:12.000Z</time></trkpt>
<trkpt lat="33.6905567" lon="-84.4016585"><time>2026-09-21T14:24:13.000Z</time></trkpt>
<trkpt lat="33.6904166" lon="-84.4015727"><time>2026-09-21T14:24:14.000Z</time></trkpt>
<trkpt lat="33.6902046" lon="-84.4014252"><time>2026-09-21T14:24:15.000Z</time></trkpt>
<trkpt lat="33.6900828" lon="-84.4013096"><time>2026-09-21T14:24:16.000Z</time></trkpt>
<trkpt lat="33.6899445" lon="-84.4011573"><time>2026-09-21T14:24:17.000Z</time></trkpt>
<trkpt lat="33.6897711" lon="-84.4010035"><time>2026-09-21T14:24:18.000Z</time></trkpt>
<trkpt lat="33.6896540" lon="-84.4009448"><time>2026-09-21T14:24:19.000Z</time></trkpt>
<trkpt lat="33.6895396" lon="-84.4006986"><time>2026-09-21T14:24:20.000Z</time></trkpt>
<trkpt lat="33.6893319" lon="-84.4006389"><time>2026-09-21T14:24:21.000Z</time></trkpt>
<trkpt lat="33.6892300" lon="-84.4005405"><time>2026-09-21T14:24:22.000Z</time></trkpt>
<trkpt lat="33.6890137" lon="-84.4003985"><time>2026-09-21T14:24:23.000Z</time></trkpt>
<trkpt lat="33.6889219" lon="-84.4003023"><time>2026-09-21T14:24:24.000Z</time></trkpt>
<trkpt lat="33.6887819" lon="-84.4001269"><time>2026-09-21T14:24:25.000Z</time></trkpt>
<trkpt lat="33.6886573" lon="-84.4001357"><time>2026-09-21T14:24:26.000Z</time></trkpt>
<trkpt lat="33.6884533" lon="-84.3999980"><time>2026-09-21T14:24:27.000Z</time></trkpt>
<trkpt lat="33.6882597" lon="-84.3998266"><time>2026-09-21T14:24:28.000Z</time></trkpt>
<trkpt lat="33.6880634" lon="-84.3998512"><time>2026-09-21T14:24:29.000Z</time></trkpt>
<trkpt lat="33.6879954" lon="-84.3996560"><time>2026-09-21T14:24:30.000Z</time></trkpt>
<trkpt lat="33.6878047" lon="-84.3995706"><time>2026-09-21T14:24:31.000Z</time></trkpt>
<trkpt lat="33.6876708" lon="-84.3994576"><time>2026-09-21T14:24:32.000Z</time></trkpt>
<trkpt lat="33.6874315" lon="-84.3993676"><time>2026-09-21T14:24:33.000Z</time></trkpt>
<trkpt lat="33.6872707" lon="-84.3992789"><time>2026-09-21T14:24:34.000Z</time></trkpt>
<trkpt lat="33.6871493" lon="-84.3991937"><time>2026-09-21T14:24:35.000Z</time></trkpt>
<trkpt lat="33.6869206" lon="-84.3992499"><time>2026-09-21T14:24:36.000Z</time></trkpt>
<trkpt lat="33.6868628" lon="-84.3990726"><time>2026-09-21T14:24:37.000Z</time></trkpt>
<trkpt lat="33.6866193" lon="-84.3990331"><time>2026-09-21T14:24:38.000Z</time></trkpt>
<trkpt lat="33.6864499" lon="-84.3989186"><time>2026-09-21T14:24:39.000Z</time></trkpt>
<trkpt lat="33.6862633" lon="-84.3990276"><time>2026-09-21T14:24:40.000Z</time></trkpt>
<trkpt lat="33.6860895" lon="-84.3989379"><time>2026-09-21T14:24:41.000Z</time></trkpt>
<trkpt lat="33.6859319" lon="-84.3988957"><time>2026-09-21T14:24:42.000Z</time></trkpt>
<trkpt lat="33.6857222" lon="-84.3988834"><time>2026-09-21T14:24:43.000Z</time></trkpt>
<trkpt lat="33.6855728" lon="-84.3989382"><time>2026-09-21T14:24:44.000Z</time></trkpt>
<trkpt lat="33.6853220" lon="-84.3988797"><time>2026-09-21T14:24:45.000Z</time></trkpt>
<trkpt lat="33.6851822" lon="-84.3989733"><time>2026-09-21T14:24:46.000Z</time></trkpt>
<trkpt lat="33.6850240" lon="-84.3989239"><time>2026-09-21T14:24:47.000Z</time></trkpt>
<trkpt lat="33.6848133" lon="-84.3989132"><time>2026-09-21T14:24:48.000Z</time></trkpt>
<trkpt lat="33.6845911" lon="-84.3988808"><time>2026-09-21T14:24:49.000Z</time></trkpt>
<trkpt lat="33.6844977" lon="-84.3989667"><time>2026-09-21T14:24:50.000Z</time></trkpt>
<trkpt lat="33.6843075" lon="-84.3989190"><time>2026-09-21T14:24:51.000Z</time></trkpt>
<trkpt lat="33.6841386" lon="-84.3989111"><time>2026-09-21T14:24:52.000Z</time></trkpt>
<trkpt lat="33.6839129" lon="-84.3989600"><time>2026-09-21T14:24:53.000Z</time></trkpt>
<trkpt lat="33.6837616" lon="-84.3989433"><time>2026-09-21T14:24:54.000Z</time></trkpt>
<trkpt lat="33.6835971" lon="-84.3989530"><time>2026-09-21T14:24:55.000Z</time></trkpt>
<trkpt lat="33.6834624" lon="-84.3990109"><time>2026-09-21T14:24:56.000Z</time></trkpt>
<trkpt lat="33.6832408" lon="-84.3989558"><time>2026-09-21T14:24:57.000Z</time></trkpt>
<trkpt lat="33.6830495" lon="-84.3989743"><time>2026-09-21T14:24:58.000Z</time></trkpt>
<trkpt lat="33.6828499" lon="-84.3989994"><time>2026-09-21T14:24:59.000Z</time></trkpt>
<trkpt lat="33.6826772" lon="-84.3989769"><time>2026-09-21T14:25:00.000Z</time></trkpt>
<trkpt lat="33.6825224" lon="-84.3988666"><time>2026-09-21T14:25:01.000Z</time></trkpt>
<trkpt lat="33.6822988" lon="-84.3989283"><time>2026-09-21T14:25:02.000Z</time></trkpt>
<trkpt lat="33.6821544" lon="-84.3988041"><time>2026-09-21T14:25:03.000Z</time></trkpt>
<trkpt lat="33.6819119" lon="-84.3988518"><time>2026-09-21T14:25:04.000Z</time></trkpt>
<trkpt lat="33.6818837" lon="-84.3987936"><time>2026-09-21T14:25:05.000Z</time></trkpt>
<trkpt lat="33.6816094" lon="-84.3987849"><time>2026-09-21T14:25:06.000Z</time></trkpt>
<trkpt lat="33.6814363" lon="-84.3986984"><time>2026-09-21T14:25:07.000Z</time></trkpt>
<trkpt lat="33.6812128" lon="-84.3987304"><time>2026-09-21T14:25:08.000Z</time></trkpt>
<trkpt lat="33.6810437" lon="-84.3986922"><time>2026-09-21T14:25:09.000Z</time></trkpt>
<trkpt lat="33.6808802" lon="-84.3986411"><time>2026-09-21T14:25:10.000Z</time></trkpt>
<trkpt lat="33.6807579" lon="-84.3986097"><time>2026-09-21T14:25:11.000Z</time></trkpt>
<trkpt lat="33.6804734" lon="-84.3987034"><time>2026-09-21T14:25:12.000Z</time></trkpt>
<trkpt lat="33.6803102" lon="-84.3985048"><time>2026-09-21T14:25:13.000Z</time></trkpt>
<trkpt lat="33.6801524" lon="-84.3986014"><time>2026-09-21T14:25:14.000Z</time></trkpt>
<trkpt lat="33.6799524" lon="-84.3984803"><time>2026-09-21T14:25:15.000Z</time></trkpt>
<trkpt lat="33.6798228" lon="-84.3985287"><time>2026-09-21T14:25:16.000Z</time></trkpt>
<trkpt lat="33.6795890" lon="-84.3984596"><time>2026-09-21T14:25:17.000Z</time></trkpt>
<trkpt lat="33.6794584" lon="-84.3983701"><time>2026-09-21T14:25:18.000Z</time></trkpt>
<trkpt lat="33.6792976" lon="-84.3984250"><time>2026-09-21T14:25:19.000Z</time></trkpt>
<trkpt lat="33.6790669" lon="-84.3982978"><time>2026-09-21T14:25:20.000Z</time></trkpt>
<trkpt lat="33.6789235" lon="-84.3983886"><time>2026-09-21T14:25:21.000Z</time></trkpt>
<trkpt lat="33.6787549" lon="-84.3982314"><time>2026-09-21T14:25:22.000Z</time></trkpt>
<trkpt lat="33.6786266" lon="-84.3982767"><time>2026-09-21T14:25:23.000Z</time></trkpt>
<trkpt lat="33.6783770" lon="-84.3982065"><time>2026-09-21T14:25:24.000Z</time></trkpt>
<trkpt lat="33.6781670" lon="-84.3981708"><time>2026-09-21T14:25:25.000Z</time></trkpt>
<trkpt lat="33.6780254" lon="-84.3981036"><time>2026-09-21T14:25:26.000Z</time></trkpt>
<trkpt lat="33.6778375" lon="-84.3981700"><time>2026-09-21T14:25:27.000Z</time></trkpt>
<trkpt lat="33.6776982" lon="-84.3980904"><time>2026-09-21T14:25:28.000Z</time></trkpt>
<trkpt lat="33.6774808" lon="-84.3980554"><time>2026-09-21T14:25:29.000Z</time></trkpt>
<trkpt lat="33.6773748" lon="-84.3980962"><time>2026-09-21T14:25:30.000Z</time></trkpt>
<trkpt lat="33.6771131" lon="-84.3980256"><time>2026-09-21T14:25:31.000Z</time></trkpt>
<trkpt lat="33.6769625" lon="-84.3979563"><time>2026-09-21T14:25:32.000Z</time></trkpt>
<trkpt lat="33.6767920" lon="-84.3979601"><time>2026-09-21T14:25:33.000Z</time></trkpt>
<trkpt lat="33.6766213" lon="-84.3979327"><time>2026-09-21T14:25:34.000Z</time></trkpt>
<trkpt lat="33.6764527" lon="-84.3979706"><time>2026-09-21T14:25:35.000Z</time></trkpt>
<trkpt lat="33.6763143" lon="-84.3978906"><time>2026-09-21T14:25:36.000Z</time></trkpt>
<trkpt lat="33.6761276" lon="-84.3979115"><time>2026-09-21T14:25:37.000Z</time></trkpt>
<trkpt lat="33.6758677" lon="-84.3978072"><time>2026-09-21T14:25:38.000Z</time></trkpt>
<trkpt lat="33.6757011" lon="-84.3978193"><time>2026-09-21T14:25:39.000Z</time></trkpt>
<trkpt lat="33.6755170" lon="-84.3978146"><time>2026-09-21T14:25:40.000Z</time></trkpt>
<trkpt lat="33.6753719" lon="-84.3978117"><time>2026-09-21T14:25:41.000Z</time></trkpt>
<trkpt lat="33.6751988" lon="-84.3976910"><time>2026-09-21T14:25:42.000Z</time></trkpt>
<trkpt lat="33.6749875" lon="-84.3978061"><time>2026-09-21T14:25:43.000Z</time></trkpt>
<trkpt lat="33.6748606" lon="-84.3977080"><time>2026-09-21T14:25:44.000Z</time></trkpt>
<trkpt lat="33.6746566" lon="-84.3977210"><time>2026-09-21T14:25:45.000Z</time></trkpt>
<trkpt lat="33.6744524" lon="-84.3978020"><time>2026-09-21T14:25:46.000Z</time></trkpt>
<trkpt lat="33.6742744" lon="-84.3977628"><time>2026-09-21T14:25:47.000Z</time></trkpt>
<trkpt lat="33.6740622" lon="-84.3977741"><time>2026-09-21T14:25:48.000Z</time></trkpt>
<trkpt lat="33.6739058" lon="-84.3977689"><time>2026-09-21T14:25:49.000Z</time></trkpt>
<trkpt lat="33.6737659" lon="-84.3977966"><time>2026-09-21T14:25:50.000Z</time></trkpt>
<trkpt lat="33.6735829" lon="-84.3977527"><time>2026-09-21T14:25:51.000Z</time></trkpt>
<trkpt lat="33.6733373" lon="-84.3977424"><time>2026-09-21T14:25:52.000Z</time></trkpt>
<trkpt lat="33.6732255" lon="-84.3977746"><time>2026-09-21T14:25:53.000Z</time></trkpt>
<trkpt lat="33.6730626" lon="-84.3977752"><time>2026-09-21T14:25:54.000Z</time></trkpt>
<trkpt lat="33.6728399" lon="-84.3978121"><time>2026-09-21T14:25:55.000Z</time></trkpt>
<trkpt lat="33.6726239" lon="-84.3978340"><time>2026-09-21T14:25:56.000Z</time></trkpt>
<trkpt lat="33.6724484" lon="-84.3977959"><time>2026-09-21T14:25:57.000Z</time></trkpt>
<trkpt lat="33.6722939" lon="-84.3978357"><time>2026-09-21T14:25:58.000Z</time></trkpt>
<trkpt lat="33.6721483" lon="-84.3977620"><time>2026-09-21T14:25:59.000Z</time></trkpt>
<trkpt lat="33.6719604" lon="-84.3978933"><time>2026-09-21T14:26:00.000Z</time></trkpt>
<trkpt lat="33.6718218" lon="-84.3977642"><time>2026-09-21T14:26:01.000Z</time></trkpt>
<trkpt lat="33.6716708" lon="-84.3978293"><time>2026-09-21T14:26:02.000Z</time></trkpt>
<trkpt lat="33.6714262" lon="-84.3979226"><time>2026-09-21T14:26:03.000Z</time></trkpt>
<trkpt lat="33.6711881" lon="-84.3977940"><time>2026-09-21T14:26:04.000Z</time></trkpt>
<trkpt lat="33.6710338" lon="-84.3978615"><time>2026-09-21T14:26:05.000Z</time></trkpt>
<trkpt lat="33.6708934" lon="-84.3979125"><time>2026-09-21T14:26:06.000Z</time></trkpt>
<trkpt lat="33.6706631" lon="-84.3979727"><time>2026-09-21T14:26:07.000Z</time></trkpt>
<trkpt lat="33.6704963" lon="-84.3979978"><time>2026-09-21T14:26:08.000Z</time></trkpt>
<trkpt lat="33.6703647" lon="-84.3979953"><time>2026-09-21T14:26:09.000Z</time></trkpt>
<trkpt lat="33.6701267" lon="-84.3979845"><time>2026-09-21T14:26:10.000Z</time></trkpt>
<trkpt lat="33.6699256" lon="-84.3978905"><time>2026-09-21T14:26:11.000Z</time></trkpt>
<trkpt lat="33.6697111" lon="-84.3979663"><time>2026-09-21T14:26:12.000Z</time></trkpt>
<trkpt lat="33.6696007" lon="-84.3978754"><time>2026-09-21T14:26:13.000Z</time></trkpt>
<trkpt lat="33.6694521" lon="-84.3979649"><time>2026-09-21T14:26:14.000Z</time></trkpt>
<trkpt lat="33.6693231" lon="-84.3979957"><time>2026-09-21T14:26:15.000Z</time></trkpt>
<trkpt lat="33.6690588" lon="-84.3979216"><time>2026-09-21T14:26:16.000Z</time></trkpt>
<trkpt lat="33.6689215" lon="-84.3978262"><time>2026-09-21T14:26:17.000Z</time></trkpt>
<trkpt lat="33.6687072" lon="-84.3977670"><time>2026-09-21T14:26:18.000Z</time></trkpt>
<trkpt lat="33.6684677" lon="-84.3978126"><time>2026-09-21T14:26:19.000Z</time></trkpt>
<trkpt lat="33.6683841" lon="-84.3977805"><time>2026-09-21T14:26:20.000Z</time></trkpt>
<trkpt lat="33.6681805" lon="-84.3976819"><time>2026-09-21T14:26:21.000Z</time></trkpt>
<trkpt lat="33.6680253" lon="-84.3975873"><time>2026-09-21T14:26:22.000Z</time></trkpt>
<trkpt lat="33.6679094" lon="-84.3975250"><time>2026-09-21T14:26:23.000Z</time></trkpt>
<trkpt lat="33.6677007" lon="-84.3974882"><time>2026-09-21T14:26:24.000Z</time></trkpt>
<trkpt lat="33.6675335" lon="-84.3974662"><time>2026-09-21T14:26:25.000Z</time></trkpt>
<trkpt lat="33.6673107" lon="-84.3973869"><time>2026-09-21T14:26:26.000Z</time></trkpt>
<trkpt lat="33.6671418" lon="-84.3973098"><time>2026-09-21T14:26:27.000Z</time></trkpt>
<trkpt lat="33.6670966" lon="-84.3973168"><time>2026-09-21T14:26:28.000Z</time></trkpt>
<trkpt lat="33.6667592" lon="-84.3972110"><time>2026-09-21T14:26:29.000Z</time></trkpt>
<trkpt lat="33.6666514" lon="-84.3971400"><time>2026-09-21T14:26:30.000Z</time></trkpt>
<trkpt lat="33.6664732" lon="-84.3970902"><time>2026-09-21T14:26:31.000Z</time></trkpt>
<trkpt lat="33.6662691" lon="-84.3969939"><time>2026-09-21T14:26:32.000Z</time></trkpt>
<trkpt lat="33.6661377" lon="-84.3969439"><time>2026-09-21T14:26:33.000Z</time></trkpt>
<trkpt lat="33.6659232" lon="-84.3969164"><time>2026-09-21T14:26:34.000Z</time></trkpt>
<trkpt lat="33.6657946" lon="-84.3967878"><time>2026-09-21T14:26:35.000Z</time></trkpt>
<trkpt lat="33.6655428" lon="-84.3967213"><time>2026-09-21T14:26:36.000Z</time></trkpt>
<trkpt lat="33.6653802" lon="-84.3966161"><time>2026-09-21T14:26:37.000Z</time></trkpt>
<trkpt lat="33.6652834" lon="-84.3966268"><time>2026-09-21T14:26:38.000Z</time></trkpt>
<trkpt lat="33.6650894" lon="-84.3965960"><time>2026-09-21T14:26:39.000Z</time></trkpt>
<trkpt lat="33.6649067" lon="-84.3964178"><time>2026-09-21T14:26:40.000Z</time></trkpt>
<trkpt lat="33.6646860" lon="-84.3963980"><time>2026-09-21T14:26:41.000Z</time></trkpt>
<trkpt lat="33.6646389" lon="-84.3963285"><time>2026-09-21T14:26:42.000Z</time></trkpt>
<trkpt lat="33.6644195" lon="-84.3962185"><time>2026-09-21T14:26:43.000Z</time></trkpt>
<trkpt lat="33.6642452" lon="-84.3961881"><time>2026-09-21T14:26:44.000Z</time></trkpt>
<trkpt lat="33.6640728" lon="-84.3960816"><time>2026-09-21T14:26:45.000Z</time></trkpt>
<trkpt lat="33.6639958" lon="-84.3960614"><time>2026-09-21T14:26:46.000Z</time></trkpt>
<trkpt lat="33.6636829" lon="-84.3960259"><time>2026-09-21T14:26:47.000Z</time></trkpt>
<trkpt lat="33.6635295" lon="-84.3958809"><time>2026-09-21T14:26:48.000Z</time></trkpt>
<trkpt lat="33.6634215" lon="-84.3958417"><time>2026-09-21T14:26:49.000Z</time></trkpt>
<trkpt lat="33.6632087" lon="-84.3957642"><time>2026-09-21T14:26:50.000Z</time></trkpt>
<trkpt lat="33.6630209" lon="-84.3957844"><time>2026-09-21T14:26:51.000Z</time></trkpt>
<trkpt lat="33.6628506" lon="-84.3957162"><time>2026-09-21T14:26:52.000Z</time></trkpt>
<trkpt lat="33.6626689" lon="-84.3956808"><time>2026-09-21T14:26:53.000Z</time></trkpt>
<trkpt lat="33.6624931" lon="-84.3955111"><time>2026-09-21T14:26:54.000Z</time></trkpt>
<trkpt lat="33.6624112" lon="-84.3955546"><time>2026-09-21T14:26:55.000Z</time></trkpt>
<trkpt lat="33.6621205" lon="-84.3955246"><time>2026-09-21T14:26:56.000Z</time></trkpt>
<trkpt lat="33.6619581" lon="-84.3954345"><time>2026-09-21T14:26:57.000Z</time></trkpt>
<trkpt lat="33.6618415" lon="-84.3952513"><time>2026-09-21T14:26:58.000Z</time></trkpt>
<trkpt lat="33.6615850" lon="-84.3952864"><time>2026-09-21T14:26:59.000Z</time></trkpt>
<trkpt lat="33.6614406" lon="-84.3953217"><time>2026-09-21T14:27:00.000Z</time></trkpt>
<trkpt lat="33.6612616" lon="-84.3952780"><time>2026-09-21T14:27:01.000Z</time></trkpt>
<trkpt lat="33.6611069" lon="-84.3952312"><time>2026-09-21T14:27:02.000Z</time></trkpt>
<trkpt lat="33.6608785" lon="-84.3951516"><time>2026-09-21T14:27:03.000Z</time></trkpt>
<trkpt lat="33.6607413" lon="-84.3951052"><time>2026-09-21T14:27:04.000Z</time></trkpt>
<trkpt lat="33.6606120" lon="-84.3950870"><time>2026-09-21T14:27:05.000Z</time></trkpt>
<trkpt lat="33.6603596" lon="-84.3951257"><time>2026-09-21T14:27:06.000Z</time></trkpt>
<trkpt lat="33.6601761" lon="-84.3950411"><time>2026-09-21T14:27:07.000Z</time></trkpt>
<trkpt lat="33.6600566" lon="-84.3950215"><time>2026-09-21T14:27:08.000Z</time></trkpt>
<trkpt lat="33.6598535" lon="-84.3949532"><time>2026-09-21T14:27:09.000Z</time></trkpt>
<trkpt lat="33.6596911" lon="-84.3950545"><time>2026-09-21T14:27:10.000Z</time></trkpt>
<trkpt lat="33.6595582" lon="-84.3949659"><time>2026-09-21T14:27:11.000Z</time></trkpt>
<trkpt lat="33.6593257" lon="-84.3949231"><time>2026-09-21T14:27:12.000Z</time></trkpt>
<trkpt lat="33.6591828" lon="-84.3949585"><time>2026-09-21T14:27:13.000Z</time></trkpt>
<trkpt lat="33.6589410" lon="-84.3950162"><time>2026-09-21T14:27:14.000Z</time></trkpt>
<trkpt lat="33.6587457" lon="-84.3950169"><time>2026-09-21T14:27:15.000Z</time></trkpt>
<trkpt lat="33.6586069" lon="-84.3950094"><time>2026-09-21T14:27:16.000Z</time></trkpt>
<trkpt lat="33.6584648" lon="-84.3950425"><time>2026-09-21T14:27:17.000Z</time></trkpt>
<trkpt lat="33.6582096" lon="-84.3951127"><time>2026-09-21T14:27:18.000Z</time></trkpt>
<trkpt lat="33.6581067" lon="-84.3950532"><time>2026-09-21T14:27:19.000Z</time></trkpt>
<trkpt lat="33.6578787" lon="-84.3951672"><time>2026-09-21T14:27:20.000Z</time></trkpt>
<trkpt lat="33.6577075" lon="-84.3951467"><time>2026-09-21T14:27:21.000Z</time></trkpt>
<trkpt lat="33.6575258" lon="-84.3951114"><time>2026-09-21T14:27:22.000Z</time></trkpt>
<trkpt lat="33.6573206" lon="-84.3950938"><time>2026-09-21T14:27:23.000Z</time></trkpt>
<trkpt lat="33.6571456" lon="-84.3952100"><time>2026-09-21T14:27:24.000Z</time></trkpt>
<trkpt lat="33.6569944" lon="-84.3951608"><time>2026-09-21T14:27:25.000Z</time></trkpt>
<trkpt lat="33.6568423" lon="-84.3952808"><time>2026-09-21T14:27:26.000Z</time></trkpt>
<trkpt lat="33.6566180" lon="-84.3952668"><time>2026-09-21T14:27:27.000Z</time></trkpt>
<trkpt lat="33.6564047" lon="-84.3953480"><time>2026-09-21T14:27:28.000Z</time></trkpt>
<trkpt lat="33.6563023" lon="-84.3953032"><time>2026-09-21T14:27:29.000Z</time></trkpt>
<trkpt lat="33.6561267" lon="-84.3953573"><time>2026-09-21T14:27:30.000Z</time></trkpt>
<trkpt lat="33.6559900" lon="-84.3954158"><time>2026-09-21T14:27:31.000Z</time></trkpt>
<trkpt lat="33.6557464" lon="-84.3954174"><time>2026-09-21T14:27:32.000Z</time></trkpt>
<trkpt lat="33.6555731" lon="-84.3955154"><time>2026-09-21T14:27:33.000Z</time></trkpt>
<trkpt lat="33.6554043" lon="-84.3954897"><time>2026-09-21T14:27:34.000Z</time></trkpt>
<trkpt lat="33.6551821" lon="-84.3955626"><time>2026-09-21T14:27:35.000Z</time></trkpt>
<trkpt lat="33.6550801" lon="-84.3956888"><time>2026-09-21T14:27:36.000Z</time></trkpt>
<trkpt lat="33.6548141" lon="-84.3956636"><time>2026-09-21T14:27:37.000Z</time></trkpt>
<trkpt lat="33.6546591" lon="-84.3956633"><time>2026-09-21T14:27:38.000Z</time></trkpt>
<trkpt lat="33.6545314" lon="-84.3957354"><time>2026-09-21T14:27:39.000Z</time></trkpt>
<trkpt lat="33.6543662" lon="-84.3958295"><time>2026-09-21T14:27:40.000Z</time></trkpt>
<trkpt lat="33.6541556" lon="-84.3958993"><time>2026-09-21T14:27:41.000Z</time></trkpt>
<trkpt lat="33.6540373" lon="-84.3958501"><time>2026-09-21T14:27:42.000Z</time></trkpt>
<trkpt lat="33.6538340" lon="-84.3960277"><time>2026-09-21T14:27:43.000Z</time></trkpt>
<trkpt lat="33.6536403" lon="-84.3960403"><time>2026-09-21T14:27:44.000Z</time></trkpt>
<trkpt lat="33.6534760" lon="-84.3961324"><time>2026-09-21T14:27:45.000Z</time></trkpt>
<trkpt lat="33.6533440" lon="-84.3961253"><time>2026-09-21T14:27:46.000Z</time></trkpt>
<trkpt lat="33.6531478" lon="-84.3962243"><time>2026-09-21T14:27:47.000Z</time></trkpt>
<trkpt lat="33.6529795" lon="-84.3962186"><time>2026-09-21T14:27:48.000Z</time></trkpt>
<trkpt lat="33.6527567" lon="-84.3963105"><time>2026-09-21T14:27:49.000Z</time></trkpt>
<trkpt lat="33.6525548" lon="-84.3964019"><time>2026-09-21T14:27:50.000Z</time></trkpt>
<trkpt lat="33.6524886" lon="-84.3964368"><time>2026-09-21T14:27:51.000Z</time></trkpt>
<trkpt lat="33.6522899" lon="-84.3966003"><time>2026-09-21T14:27:52.000Z</time></trkpt>
<trkpt lat="33.6521356" lon="-84.3965698"><time>2026-09-21T14:27:53.000Z</time></trkpt>
<trkpt lat="33.6519667" lon="-84.3966535"><time>2026-09-21T14:27:54.000Z</time></trkpt>
<trkpt lat="33.6517664" lon="-84.3966091"><time>2026-09-21T14:27:55.000Z</time></trkpt>
<trkpt lat="33.6515772" lon="-84.3967858"><time>2026-09-21T14:27:56.000Z</time></trkpt>
<trkpt lat="33.6513860" lon="-84.3967575"><time>2026-09-21T14:27:57.000Z</time></trkpt>
<trkpt lat="33.6512052" lon="-84.3969143"><time>2026-09-21T14:27:58.000Z</time></trkpt>
<trkpt lat="33.6510160" lon="-84.3969630"><time>2026-09-21T14:27:59.000Z</time></trkpt>
<trkpt lat="33.6509344" lon="-84.3970364"><time>2026-09-21T14:28:00.000Z</time></trkpt>
<trkpt lat="33.6506985" lon="-84.3970517"><time>2026-09-21T14:28:01.000Z</time></trkpt>
<trkpt lat="33.6505082" lon="-84.3971043"><time>2026-09-21T14:28:02.000Z</time></trkpt>
<trkpt lat="33.6504026" lon="-84.3971931"><time>2026-09-21T14:28:03.000Z</time></trkpt>
<trkpt lat="33.6501222" lon="-84.3972300"><time>2026-09-21T14:28:04.000Z</time></trkpt>
<trkpt lat="33.6500199" lon="-84.3972293"><time>2026-09-21T14:28:05.000Z</time></trkpt>
<trkpt lat="33.6498530" lon="-84.3973415"><time>2026-09-21T14:28:06.000Z</time></trkpt>
<trkpt lat="33.6497181" lon="-84.3974386"><time>2026-09-21T14:28:07.000Z</time></trkpt>
<trkpt lat="33.6495467" lon="-84.3974712"><time>2026-09-21T14:28:08.000Z</time></trkpt>
<trkpt lat="33.6493166" lon="-84.3975500"><time>2026-09-21T14:28:09.000Z</time></trkpt>
<trkpt lat="33.6491743" lon="-84.3976165"><time>2026-09-21T14:28:10.000Z</time></trkpt>
<trkpt lat="33.6490042" lon="-84.3976703"><time>2026-09-21T14:28:11.000Z</time></trkpt>
<trkpt lat="33.6488061" lon="-84.3977041"><time>2026-09-21T14:28:12.000Z</time></trkpt>
<trkpt lat="33.6486272" lon="-84.3977719"><time>2026-09-21T14:28:13.000Z</time></trkpt>
<trkpt lat="33.6484994" lon="-84.3978353"><time>2026-09-21T14:28:14.000Z</time></trkpt>
<trkpt lat="33.6482853" lon="-84.3978624"><time>2026-09-21T14:28:15.000Z</time></trkpt>
<trkpt lat="33.6481288" lon="-84.3979267"><time>2026-09-21T14:28:16.000Z</time></trkpt>
<trkpt lat="33.6479882" lon="-84.3980693"><time>2026-09-21T14:28:17.000Z</time></trkpt>
<trkpt lat="33.6478163" lon="-84.3981312"><time>2026-09-21T14:28:18.000Z</time></trkpt>
<trkpt lat="33.6475964" lon="-84.3981746"><time>2026-09-21T14:28:19.000Z</time></trkpt>
<trkpt lat="33.6474530" lon="-84.3982893"><time>2026-09-21T14:28:20.000Z</time></trkpt>
<trkpt lat="33.6472499" lon="-84.3983052"><time>2026-09-21T14:28:21.000Z</time></trkpt>
<trkpt lat="33.6469876" lon="-84.3983888"><time>2026-09-21T14:28:22.000Z</time></trkpt>
<trkpt lat="33.6468585" lon="-84.3984681"><time>2026-09-21T14:28:23.000Z</time></trkpt>
<trkpt lat="33.6468772" lon="-84.3985129"><time>2026-09-21T14:28:24.000Z</time></trkpt>
<trkpt lat="33.6465471" lon="-84.3985121"><time>2026-09-21T14:28:25.000Z</time></trkpt>
<trkpt lat="33.6464451" lon="-84.3987091"><time>2026-09-21T14:28:26.000Z</time></trkpt>
<trkpt lat="33.6462671" lon="-84.3987551"><time>2026-09-21T14:28:27.000Z</time></trkpt>
<trkpt lat="33.6461099" lon="-84.3988221"><time>2026-09-21T14:28:28.000Z</time></trkpt>
<trkpt lat="33.6459817" lon="-84.3990575"><time>2026-09-21T14:28:29.000Z</time></trkpt>
<trkpt lat="33.6458338" lon="-84.3990400"><time>2026-09-21T14:28:30.000Z</time></trkpt>
<trkpt lat="33.6455911" lon="-84.3991744"><time>2026-09-21T14:28:31.000Z</time></trkpt>
<trkpt lat="33.6455353" lon="-84.3992799"><time>2026-09-21T14:28:32.000Z</time></trkpt>
<trkpt lat="33.6453063" lon="-84.3993887"><time>2026-09-21T14:28:33.000Z</time></trkpt>
<trkpt lat="33.6452320" lon="-84.3995281"><time>2026-09-21T14:28:34.000Z</time></trkpt>
<trkpt lat="33.6450571" lon="-84.3996164"><time>2026-09-21T14:28:35.000Z</time></trkpt>
<trkpt lat="33.6449127" lon="-84.3997502"><time>2026-09-21T14:28:36.000Z</time></trkpt>
<trkpt lat="33.6447441" lon="-84.3999752"><time>2026-09-21T14:28:37.000Z</time></trkpt>
<trkpt lat="33.6446601" lon="-84.4000319"><time>2026-09-21T14:28:38.000Z</time></trkpt>
<trkpt lat="33.6444697" lon="-84.4002580"><time>2026-09-21T14:28:39.000Z</time></trkpt>
<trkpt lat="33.6443808" lon="-84.4003729"><time>2026-09-21T14:28:40.000Z</time></trkpt>
<trkpt lat="33.6441932" lon="-84.4004678"><time>2026-09-21T14:28:41.000Z</time></trkpt>
<trkpt lat="33.6440115" lon="-84.4006064"><time>2026-09-21T14:28:42.000Z</time></trkpt>
<trkpt lat="33.6439095" lon="-84.4007248"><time>2026-09-21T14:28:43.000Z</time></trkpt>
<trkpt lat="33.6437624" lon="-84.4008688"><time>2026-09-21T14:28:44.000Z</time></trkpt>
<trkpt lat="33.6436730" lon="-84.4009247"><time>2026-09-21T14:28:45.000Z</time></trkpt>
<trkpt lat="33.6434528" lon="-84.4010596"><time>2026-09-21T14:28:46.000Z</time></trkpt>
<trkpt lat="33.6433738" lon="-84.4011782"><time>2026-09-21T14:28:47.000Z</time></trkpt>
<trkpt lat="33.6431652" lon="-84.4013097"><time>2026-09-21T14:28:48.000Z</time></trkpt>
<trkpt lat="33.6429317" lon="-84.4013635"><time>2026-09-21T14:28:49.000Z</time></trkpt>
<trkpt lat="33.6427903" lon="-84.4013900"><time>2026-09-21T14:28:50.000Z</time></trkpt>
<trkpt lat="33.6426793" lon="-84.4015227"><time>2026-09-21T14:28:51.000Z</time></trkpt>
<trkpt lat="33.6423842" lon="-84.4014966"><time>2026-09-21T14:28:52.000Z</time></trkpt>
<trkpt lat="33.6423233" lon="-84.4016178"><time>2026-09-21T14:28:53.000Z</time></trkpt>
<trkpt lat="33.6420715" lon="-84.4015392"><time>2026-09-21T14:28:54.000Z</time></trkpt>
<trkpt lat="33.6419121" lon="-84.4016404"><time>2026-09-21T14:28:55.000Z</time></trkpt>
<trkpt lat="33.6418074" lon="-84.4016194"><time>2026-09-21T14:28:56.000Z</time></trkpt>
<trkpt lat="33.6415625" lon="-84.4016374"><time>2026-09-21T14:28:57.000Z</time></trkpt>
<trkpt lat="33.6414014" lon="-84.4017243"><time>2026-09-21T14:28:58.000Z</time></trkpt>
<trkpt lat="33.6412189" lon="-84.4017531"><time>2026-09-21T14:28:59.000Z</time></trkpt>
<trkpt lat="33.6411230" lon="-84.4017239"><time>2026-09-21T14:29:00.000Z</time></trkpt>
<trkpt lat="33.6411025" lon="-84.4019416"><time>2026-09-21T14:29:01.000Z</time></trkpt>
<trkpt lat="33.6411422" lon="-84.4022385"><time>2026-09-21T14:29:02.000Z</time></trkpt>
<trkpt lat="33.6411235" lon="-84.4024713"><time>2026-09-21T14:29:03.000Z</time></trkpt>
<trkpt lat="33.6410291" lon="-84.4026220"><time>2026-09-21T14:29:04.000Z</time></trkpt>
<trkpt lat="33.6411476" lon="-84.4029411"><time>2026-09-21T14:29:05.000Z</time></trkpt>
<trkpt lat="33.6411419" lon="-84.4031159"><time>2026-09-21T14:29:06.000Z</time></trkpt>
<trkpt lat="33.6410935" lon="-84.4032716"><time>2026-09-21T14:29:07.000Z</time></trkpt>
<trkpt lat="33.6411176" lon="-84.4035469"><time>2026-09-21T14:29:08.000Z</time></trkpt>
<trkpt lat="33.6411245" lon="-84.4036614"><time>2026-09-21T14:29:09.000Z</time></trkpt>
<trkpt lat="33.6411575" lon="-84.4040008"><time>2026-09-21T14:29:10.000Z</time></trkpt>
<trkpt lat="33.6410594" lon="-84.4041432"><time>2026-09-21T14:29:11.000Z</time></trkpt>
<trkpt lat="33.6411210" lon="-84.4043314"><time>2026-09-21T14:29:12.000Z</time></trkpt>
<trkpt lat="33.6411725" lon="-84.4045944"><time>2026-09-21T14:29:13.000Z</time></trkpt>
<trkpt lat="33.6410849" lon="-84.4048376"><time>2026-09-21T14:29:14.000Z</time></trkpt>
<trkpt lat="33.6411810" lon="-84.4051132"><time>2026-09-21T14:29:15.000Z</time></trkpt>
<trkpt lat="33.6411343" lon="-84.4052778"><time>2026-09-21T14:29:16.000Z</time></trkpt>
<trkpt lat="33.6411429" lon="-84.4054542"><time>2026-09-21T14:29:17.000Z</time></trkpt>
<trkpt lat="33.6411298" lon="-84.4057057"><time>2026-09-21T14:29:18.000Z</time></trkpt>
<trkpt lat="33.6411542" lon="-84.4059214"><time>2026-09-21T14:29:19.000Z</time></trkpt>
<trkpt lat="33.6411446" lon="-84.4061418"><time>2026-09-21T14:29:20.000Z</time></trkpt>
<trkpt lat="33.6411319" lon="-84.4063079"><time>2026-09-21T14:29:21.000Z</time></trkpt>
<trkpt lat="33.6411456" lon="-84.4065397"><time>2026-09-21T14:29:22.000Z</time></trkpt>
<trkpt lat="33.6409807" lon="-84.4067554"><time>2026-09-21T14:29:23.000Z</time></trkpt>
<trkpt lat="33.6410333" lon="-84.4070368"><time>2026-09-21T14:29:24.000Z</time></trkpt>
<trkpt lat="33.6409723" lon="-84.4071915"><time>2026-09-21T14:29:25.000Z</time></trkpt>
<trkpt lat="33.6410470" lon="-84.4073952"><time>2026-09-21T14:29:26.000Z</time></trkpt>
<trkpt lat="33.6409877" lon="-84.4076417"><time>2026-09-21T14:29:27.000Z</time></trkpt>
<trkpt lat="33.6410977" lon="-84.4078466"><time>2026-09-21T14:29:28.000Z</time></trkpt>
<trkpt lat="33.6410681" lon="-84.4080882"><time>2026-09-21T14:29:29.000Z</time></trkpt>
<trkpt lat="33.6411208" lon="-84.4082596"><time>2026-09-21T14:29:30.000Z</time></trkpt>
<trkpt lat="33.6411432" lon="-84.4084338"><time>2026-09-21T14:29:31.000Z</time></trkpt>
<trkpt lat="33.6411040" lon="-84.4086831"><time>2026-09-21T14:29:32.000Z</time></trkpt>
<trkpt lat="33.6411109" lon="-84.4089345"><time>2026-09-21T14:29:33.000Z</time></trkpt>
<trkpt lat="33.6411589" lon="-84.4091431"><time>2026-09-21T14:29:34.000Z</time></trkpt>
<trkpt lat="33.6411178" lon="-84.4092928"><time>2026-09-21T14:29:35.000Z</time></trkpt>
<trkpt lat="33.6411427" lon="-84.4094782"><time>2026-09-21T14:29:36.000Z</time></trkpt>
<trkpt lat="33.6411163" lon="-84.4097892"><time>2026-09-21T14:29:37.000Z</time></trkpt>
<trkpt lat="33.6411308" lon="-84.4099707"><time>2026-09-21T14:29:38.000Z</time></trkpt>
<trkpt lat="33.6411421" lon="-84.4101509"><time>2026-09-21T14:29:39.000Z</time></trkpt>
<trkpt lat="33.6411137" lon="-84.4104065"><time>2026-09-21T14:29:40.000Z</time></trkpt>
<trkpt lat="33.6411563" lon="-84.4107446"><time>2026-09-21T14:29:41.000Z</time></trkpt>
<trkpt lat="33.6411994" lon="-84.4108641"><time>2026-09-21T14:29:42.000Z</time></trkpt>
<trkpt lat="33.6411251" lon="-84.4110724"><time>2026-09-21T14:29:43.000Z</time></trkpt>
<trkpt lat="33.6411477" lon="-84.4112150"><time>2026-09-21T14:29:44.000Z</time></trkpt>
<trkpt lat="33.6411400" lon="-84.4115756"><time>2026-09-21T14:29:45.000Z</time></trkpt>
<trkpt lat="33.6411002" lon="-84.4116967"><time>2026-09-21T14:29:46.000Z</time></trkpt>
<trkpt lat="33.6411187" lon="-84.4119804"><time>2026-09-21T14:29:47.000Z</time></trkpt>
<trkpt lat="33.6411319" lon="-84.4120775"><time>2026-09-21T14:29:48.000Z</time></trkpt>
<trkpt lat="33.6411937" lon="-84.4123255"><time>2026-09-21T14:29:49.000Z</time></trkpt>
<trkpt lat="33.6411253" lon="-84.4125807"><time>2026-09-21T14:29:50.000Z</time></trkpt>
<trkpt lat="33.6411344" lon="-84.4128518"><time>2026-09-21T14:29:51.000Z</time></trkpt>
<trkpt lat="33.6412320" lon="-84.4129857"><time>2026-09-21T14:29:52.000Z</time></trkpt>
<trkpt lat="33.6412223" lon="-84.4131896"><time>2026-09-21T14:29:53.000Z</time></trkpt>
<trkpt lat="33.6412846" lon="-84.4134487"><time>2026-09-21T14:29:54.000Z</time></trkpt>
<trkpt lat="33.6413156" lon="-84.4135692"><time>2026-09-21T14:29:55.000Z</time></trkpt>
<trkpt lat="33.6413081" lon="-84.4139031"><time>2026-09-21T14:29:56.000Z</time></trkpt>
<trkpt lat="33.6412953" lon="-84.4141402"><time>2026-09-21T14:29:57.000Z</time></trkpt>
<trkpt lat="33.6412939" lon="-84.4144232"><time>2026-09-21T14:29:58.000Z</time></trkpt>
<trkpt lat="33.6412619" lon="-84.4144243"><time>2026-09-21T14:29:59.000Z</time></trkpt>
<trkpt lat="33.6412794" lon="-84.4146742"><time>2026-09-21T14:30:00.000Z</time></trkpt>
<trkpt lat="33.6412611" lon="-84.4148999"><time>2026-09-21T14:30:01.000Z</time></trkpt>
<trkpt lat="33.6412762" lon="-84.4151957"><time>2026-09-21T14:30:02.000Z</time></trkpt>
<trkpt lat="33.6412999" lon="-84.4154296"><time>2026-09-21T14:30:03.000Z</time></trkpt>
<trkpt lat="33.6411191" lon="-84.4155967"><time>2026-09-21T14:30:04.000Z</time></trkpt>
<trkpt lat="33.6410195" lon="-84.4155332"><time>2026-09-21T14:30:05.000Z</time></trkpt>
<trkpt lat="33.6408316" lon="-84.4153761"><time>2026-09-21T14:30:06.000Z</time></trkpt>
<trkpt lat="33.6408902" lon="-84.4151849"><time>2026-09-21T14:30:07.000Z</time></trkpt>
<trkpt lat="33.6408610" lon="-84.4150267"><time>2026-09-21T14:30:08.000Z</time></trkpt>
<trkpt lat="33.6407817" lon="-84.4148116"><time>2026-09-21T14:30:09.000Z</time></trkpt>
<trkpt lat="33.6407755" lon="-84.4145278"><time>2026-09-21T14:30:10.000Z</time></trkpt>
<trkpt lat="33.6407412" lon="-84.4143664"><time>2026-09-21T14:30:11.000Z</time></trkpt>
<trkpt lat="33.6408173" lon="-84.4141821"><time>2026-09-21T14:30:12.000Z</time></trkpt>
<trkpt lat="33.6408602" lon="-84.4138998"><time>2026-09-21T14:30:13.000Z</time></trkpt>
<trkpt lat="33.6408363" lon="-84.4136370"><time>2026-09-21T14:30:14.000Z</time></trkpt>
<trkpt lat="33.6407327" lon="-84.4134992"><time>2026-09-21T14:30:15.000Z</time></trkpt>
<trkpt lat="33.6408424" lon="-84.4132374"><time>2026-09-21T14:30:16.000Z</time></trkpt>
<trkpt lat="33.6407547" lon="-84.4130995"><time>2026-09-21T14:30:17.000Z</time></trkpt>
<trkpt lat="33.6408390" lon="-84.4128214"><time>2026-09-21T14:30:18.000Z</time></trkpt>
<trkpt lat="33.6408779" lon="-84.4125918"><time>2026-09-21T14:30:19.000Z</time></trkpt>
<trkpt lat="33.6408138" lon="-84.4123878"><time>2026-09-21T14:30:20.000Z</time></trkpt>
<trkpt lat="33.6408237" lon="-84.4122088"><time>2026-09-21T14:30:21.000Z</time></trkpt>
<trkpt lat="33.6408026" lon="-84.4119618"><time>2026-09-21T14:30:22.000Z</time></trkpt>
<trkpt lat="33.6408079" lon="-84.4117895"><time>2026-09-21T14:30:23.000Z</time></trkpt>
<trkpt lat="33.6408188" lon="-84.4115739"><time>2026-09-21T14:30:24.000Z</time></trkpt>
<trkpt lat="33.6407951" lon="-84.4113428"><time>2026-09-21T14:30:25.000Z</time></trkpt>
<trkpt lat="33.6408555" lon="-84.4111750"><time>2026-09-21T14:30:26.000Z</time></trkpt>
<trkpt lat="33.6407872" lon="-84.4109100"><time>2026-09-21T14:30:27.000Z</time></trkpt>
<trkpt lat="33.6408483" lon="-84.4106148"><time>2026-09-21T14:30:28.000Z</time></trkpt>
<trkpt lat="33.6408190" lon="-84.4104135"><time>2026-09-21T14:30:29.000Z</time></trkpt>
<trkpt lat="33.6408231" lon="-84.4102420"><time>2026-09-21T14:30:30.000Z</time></trkpt>
<trkpt lat="33.6408101" lon="-84.4099947"><time>2026-09-21T14:30:31.000Z</time></trkpt>
<trkpt lat="33.6408387" lon="-84.4098503"><time>2026-09-21T14:30:32.000Z</time></trkpt>
<trkpt lat="33.6407992" lon="-84.4095733"><time>2026-09-21T14:30:33.000Z</time></trkpt>
<trkpt lat="33.6408144" lon="-84.4092619"><time>2026-09-21T14:30:34.000Z</time></trkpt>
<trkpt lat="33.6408392" lon="-84.4091375"><time>2026-09-21T14:30:35.000Z</time></trkpt>
<trkpt lat="33.6408411" lon="-84.4089039"><time>2026-09-21T14:30:36.000Z</time></trkpt>
<trkpt lat="33.6407426" lon="-84.4087748"><time>2026-09-21T14:30:37.000Z</time></trkpt>
<trkpt lat="33.6407005" lon="-84.4085818"><time>2026-09-21T14:30:38.000Z</time></trkpt>
<trkpt lat="33.6405360" lon="-84.4085582"><time>2026-09-21T14:30:39.000Z</time></trkpt>
<trkpt lat="33.6403992" lon="-84.4084663"><time>2026-09-21T14:30:40.000Z</time></trkpt>
<trkpt lat="33.6402457" lon="-84.4085136"><time>2026-09-21T14:30:41.000Z</time></trkpt>
<trkpt lat="33.6400317" lon="-84.4084644"><time>2026-09-21T14:30:42.000Z</time></trkpt>
<trkpt lat="33.6398455" lon="-84.4085062"><time>2026-09-21T14:30:43.000Z</time></trkpt>
<trkpt lat="33.6396868" lon="-84.4085438"><time>2026-09-21T14:30:44.000Z</time></trkpt>
<trkpt lat="33.6394833" lon="-84.4085071"><time>2026-09-21T14:30:45.000Z</time></trkpt>
<trkpt lat="33.6392629" lon="-84.4084813"><time>2026-09-21T14:30:46.000Z</time></trkpt>
<trkpt lat="33.6392430" lon="-84.4086205"><time>2026-09-21T14:30:47.000Z</time></trkpt>
<trkpt lat="33.6392372" lon="-84.4087443"><time>2026-09-21T14:30:48.000Z</time></trkpt>
<trkpt lat="33.6392058" lon="-84.4090801"><time>2026-09-21T14:30:49.000Z</time></trkpt>
<trkpt lat="33.6392126" lon="-84.4092012"><time>2026-09-21T14:30:50.000Z</time></trkpt>
<trkpt lat="33.6392190" lon="-84.4095072"><time>2026-09-21T14:30:51.000Z</time></trkpt>
<trkpt lat="33.6392619" lon="-84.4097156"><time>2026-09-21T14:30:52.000Z</time></trkpt>
<trkpt lat="33.6392339" lon="-84.4099459"><time>2026-09-21T14:30:53.000Z</time></trkpt>
<trkpt lat="33.6392089" lon="-84.4101034"><time>2026-09-21T14:30:54.000Z</time></trkpt>
<trkpt lat="33.6392331" lon="-84.4103027"><time>2026-09-21T14:30:55.000Z</time></trkpt>
<trkpt lat="33.6392039" lon="-84.4105750"><time>2026-09-21T14:30:56.000Z</time></trkpt>
<trkpt lat="33.6392249" lon="-84.4107697"><time>2026-09-21T14:30:57.000Z</time></trkpt>
<trkpt lat="33.6392168" lon="-84.4110254"><time>2026-09-21T14:30:58.000Z</time></trkpt>
<trkpt lat="33.6391819" lon="-84.4112107"><time>2026-09-21T14:30:59.000Z</time></trkpt>
<trkpt lat="33.6392010" lon="-84.4114690"><time>2026-09-21T14:31:00.000Z</time></trkpt>
<trkpt lat="33.6392568" lon="-84.4116316"><time>2026-09-21T14:31:01.000Z</time></trkpt>
<trkpt lat="33.6391967" lon="-84.4118113"><time>2026-09-21T14:31:02.000Z</time></trkpt>
<trkpt lat="33.6392080" lon="-84.4121063"><time>2026-09-21T14:31:03.000Z</time></trkpt>
<trkpt lat="33.6390829" lon="-84.4120940"><time>2026-09-21T14:31:04.000Z</time></trkpt>
<trkpt lat="33.6388859" lon="-84.4120900"><time>2026-09-21T14:31:05.000Z</time></trkpt>
<trkpt lat="33.6387171" lon="-84.4120199"><time>2026-09-21T14:31:06.000Z</time></trkpt>
<trkpt lat="33.6385492" lon="-84.4119984"><time>2026-09-21T14:31:07.000Z</time></trkpt>
<trkpt lat="33.6383422" lon="-84.4120893"><time>2026-09-21T14:31:08.000Z</time></trkpt>
<trkpt lat="33.6381395" lon="-84.4121140"><time>2026-09-21T14:31:09.000Z</time></trkpt>
<trkpt lat="33.6379752" lon="-84.4120662"><time>2026-09-21T14:31:10.000Z</time></trkpt>
<trkpt lat="33.6377968" lon="-84.4122136"><time>2026-09-21T14:31:11.000Z</time></trkpt>
<trkpt lat="33.6375813" lon="-84.4121111"><time>2026-09-21T14:31:12.000Z</time></trkpt>
<trkpt lat="33.6374265" lon="-84.4120988"><time>2026-09-21T14:31:13.000Z</time></trkpt>
<trkpt lat="33.6372613" lon="-84.4121445"><time>2026-09-21T14:31:14.000Z</time></trkpt>
<trkpt lat="33.6372434" lon="-84.4122859"><time>2026-09-21T14:31:15.000Z</time></trkpt>
<trkpt lat="33.6371596" lon="-84.4124463"><time>2026-09-21T14:31:16.000Z</time></trkpt>
<trkpt lat="33.6372353" lon="-84.4127466"><time>2026-09-21T14:31:17.000Z</time></trkpt>
<trkpt lat="33.6371778" lon="-84.4129029"><time>2026-09-21T14:31:18.000Z</time></trkpt>
<trkpt lat="33.6372127" lon="-84.4131081"><time>2026-09-21T14:31:19.000Z</time></trkpt>
<trkpt lat="33.6372271" lon="-84.4133766"><time>2026-09-21T14:31:20.000Z</time></trkpt>
<trkpt lat="33.6372793" lon="-84.4135253"><time>2026-09-21T14:31:21.000Z</time></trkpt>
<trkpt lat="33.6372328" lon="-84.4138221"><time>2026-09-21T14:31:22.000Z</time></trkpt>
<trkpt lat="33.6372671" lon="-84.4139280"><time>2026-09-21T14:31:23.000Z</time></trkpt>
<trkpt lat="33.6372167" lon="-84.4141763"><time>2026-09-21T14:31:24.000Z</time></trkpt>
<trkpt lat="33.6371620" lon="-84.4144416"><time>2026-09-21T14:31:25.000Z</time></trkpt>
<trkpt lat="33.6372148" lon="-84.4145964"><time>2026-09-21T14:31:26.000Z</time></trkpt>
<trkpt lat="33.6372097" lon="-84.4149091"><time>2026-09-21T14:31:27.000Z</time></trkpt>
<trkpt lat="33.6371500" lon="-84.4150159"><time>2026-09-21T14:31:28.000Z</time></trkpt>
<trkpt lat="33.6371179" lon="-84.4152760"><time>2026-09-21T14:31:29.000Z</time></trkpt>
<trkpt lat="33.6371072" lon="-84.4155149"><time>2026-09-21T14:31:30.000Z</time></trkpt>
<trkpt lat="33.6371075" lon="-84.4157391"><time>2026-09-21T14:31:31.000Z</time></trkpt>
<trkpt lat="33.6371161" lon="-84.4159592"><time>2026-09-21T14:31:32.000Z</time></trkpt>
<trkpt lat="33.6370131" lon="-84.4162048"><time>2026-09-21T14:31:33.000Z</time></trkpt>
<trkpt lat="33.6369967" lon="-84.4163274"><time>2026-09-21T14:31:34.000Z</time></trkpt>
<trkpt lat="33.6369958" lon="-84.4165880"><time>2026-09-21T14:31:35.000Z</time></trkpt>
<trkpt lat="33.6370329" lon="-84.4167899"><time>2026-09-21T14:31:36.000Z</time></trkpt>
<trkpt lat="33.6370208" lon="-84.4170625"><time>2026-09-21T14:31:37.000Z</time></trkpt>
<trkpt lat="33.6370660" lon="-84.4172428"><time>2026-09-21T14:31:38.000Z</time></trkpt>
<trkpt lat="33.6369815" lon="-84.4174491"><time>2026-09-21T14:31:39.000Z</time></trkpt>
<trkpt lat="33.6370301" lon="-84.4176081"><time>2026-09-21T14:31:40.000Z</time></trkpt>
<trkpt lat="33.6370084" lon="-84.4179386"><time>2026-09-21T14:31:41.000Z</time></trkpt>
<trkpt lat="33.6370515" lon="-84.4180628"><time>2026-09-21T14:31:42.000Z</time></trkpt>
<trkpt lat="33.6370710" lon="-84.4182850"><time>2026-09-21T14:31:43.000Z</time></trkpt>
<trkpt lat="33.6370349" lon="-84.4185471"><time>2026-09-21T14:31:44.000Z</time></trkpt>
<trkpt lat="33.6370247" lon="-84.4187873"><time>2026-09-21T14:31:45.000Z</time></trkpt>
<trkpt lat="33.6370677" lon="-84.4189287"><time>2026-09-21T14:31:46.000Z</time></trkpt>
<trkpt lat="33.6370571" lon="-84.4191459"><time>2026-09-21T14:31:47.000Z</time></trkpt>
<trkpt lat="33.6370202" lon="-84.4194229"><time>2026-09-21T14:31:48.000Z</time></trkpt>
<trkpt lat="33.6369911" lon="-84.4195804"><time>2026-09-21T14:31:49.000Z</time></trkpt>
<trkpt lat="33.6370174" lon="-84.4198241"><time>2026-09-21T14:31:50.000Z</time></trkpt>
<trkpt lat="33.6370109" lon="-84.4200118"><time>2026-09-21T14:31:51.000Z</time></trkpt>
<trkpt lat="33.6370211" lon="-84.4202264"><time>2026-09-21T14:31:52.000Z</time></trkpt>
<trkpt lat="33.6370504" lon="-84.4204234"><time>2026-09-21T14:31:53.000Z</time></trkpt>
<trkpt lat="33.6369945" lon="-84.4206486"><time>2026-09-21T14:31:54.000Z</time></trkpt>
<trkpt lat="33.6370055" lon="-84.4208582"><time>2026-09-21T14:31:55.000Z</time></trkpt>
<trkpt lat="33.6370364" lon="-84.4210898"><time>2026-09-21T14:31:56.000Z</time></trkpt>
<trkpt lat="33.6370257" lon="-84.4213503"><time>2026-09-21T14:31:57.000Z</time></trkpt>
<trkpt lat="33.6370258" lon="-84.4215470"><time>2026-09-21T14:31:58.000Z</time></trkpt>
<trkpt lat="33.6370556" lon="-84.4217863"><time>2026-09-21T14:31:59.000Z</time></trkpt>
<trkpt lat="33.6369939" lon="-84.4219089"><time>2026-09-21T14:32:00.000Z</time></trkpt>
<trkpt lat="33.6370066" lon="-84.4221247"><time>2026-09-21T14:32:01.000Z</time></trkpt>
<trkpt lat="33.6370202" lon="-84.4223304"><time>2026-09-21T14:32:02.000Z</time></trkpt>
<trkpt lat="33.6369725" lon="-84.4226265"><time>2026-09-21T14:32:03.000Z</time></trkpt>
<trkpt lat="33.6370026" lon="-84.4228281"><time>2026-09-21T14:32:04.000Z</time></trkpt>
<trkpt lat="33.6370227" lon="-84.4230823"><time>2026-09-21T14:32:05.000Z</time></trkpt>
<trkpt lat="33.6370318" lon="-84.4233374"><time>2026-09-21T14:32:06.000Z</time></trkpt>
<trkpt lat="33.6370366" lon="-84.4235654"><time>2026-09-21T14:32:07.000Z</time></trkpt>
<trkpt lat="33.6370214" lon="-84.4236713"><time>2026-09-21T14:32:08.000Z</time></trkpt>
<trkpt lat="33.6369644" lon="-84.4239179"><time>2026-09-21T14:32:09.000Z</time></trkpt>
<trkpt lat="33.6370141" lon="-84.4242258"><time>2026-09-21T14:32:10.000Z</time></trkpt>
<trkpt lat="33.6369783" lon="-84.4242457"><time>2026-09-21T14:32:11.000Z</time></trkpt>
<trkpt lat="33.6370220" lon="-84.4246097"><time>2026-09-21T14:32:12.000Z</time></trkpt>
<trkpt lat="33.6370086" lon="-84.4247405"><time>2026-09-21T14:32:13.000Z</time></trkpt>
<trkpt lat="33.6370017" lon="-84.4249741"><time>2026-09-21T14:32:14.000Z</time></trkpt>
<trkpt lat="33.6369758" lon="-84.4252106"><time>2026-09-21T14:32:15.000Z</time></trkpt>
<trkpt lat="33.6370652" lon="-84.4254450"><time>2026-09-21T14:32:16.000Z</time></trkpt>
<trkpt lat="33.6369854" lon="-84.4256715"><time>2026-09-21T14:32:17.000Z</time></trkpt>
<trkpt lat="33.6369479" lon="-84.4258871"><time>2026-09-21T14:32:18.000Z</time></trkpt>
<trkpt lat="33.6369431" lon="-84.4259930"><time>2026-09-21T14:32:19.000Z</time></trkpt>
<trkpt lat="33.6369925" lon="-84.4262439"><time>2026-09-21T14:32:20.000Z</time></trkpt>
<trkpt lat="33.6369641" lon="-84.4265129"><time>2026-09-21T14:32:21.000Z</time></trkpt>
<trkpt lat="33.6370177" lon="-84.4267124"><time>2026-09-21T14:32:22.000Z</time></trkpt>
<trkpt lat="33.6370815" lon="-84.4269283"><time>2026-09-21T14:32:23.000Z</time></trkpt>
<trkpt lat="33.6369395" lon="-84.4271493"><time>2026-09-21T14:32:24.000Z</time></trkpt>
<trkpt lat="33.6370664" lon="-84.4272211"><time>2026-09-21T14:32:25.000Z</time></trkpt>
<trkpt lat="33.6371176" lon="-84.4275721"><time>2026-09-21T14:32:26.000Z</time></trkpt>
<trkpt lat="33.6371751" lon="-84.4277132"><time>2026-09-21T14:32:27.000Z</time></trkpt>
<trkpt lat="33.6371219" lon="-84.4280844"><time>2026-09-21T14:32:28.000Z</time></trkpt>
<trkpt lat="33.6371717" lon="-84.4279920"><time>2026-09-21T14:32:29.000Z</time></trkpt>
<trkpt lat="33.6371903" lon="-84.4280682"><time>2026-09-21T14:32:30.000Z</time></trkpt>
<trkpt lat="33.6371391" lon="-84.4280463"><time>2026-09-21T14:32:31.000Z</time></trkpt>
<trkpt lat="33.6371037" lon="-84.4280429"><time>2026-09-21T14:32:32.000Z</time></trkpt>
<trkpt lat="33.6370976" lon="-84.4280340"><time>2026-09-21T14:32:33.000Z</time></trkpt>
</trkseg></trk>
</gpx>
